recipient,amount
" ГОСУДАРСТВЕННОЕ АВТОНОМНОЕ УЧРЕЖДЕНИЕ ЗДРАВООХРАНЕНИЯ ""ДЕТСКАЯ ГОРОДСКАЯ КЛИНИЧЕСКАЯ БОЛЬНИЦА"" ГОРОДА ОРЕНБУРГА",121057
" ГОСУДАРСТВЕННОЕ ОБЛАСТНОЕ БЮДЖЕТНОЕ УЧРЕЖДЕНИЕ ЗДРАВООХРАНЕНИЯ ""МУРМАНСКАЯ ГОРОДСКАЯ ДЕТСКАЯ ПОЛИКЛИНИКА № 4""",276910
" ФЕДЕРАЛЬНОЕ ГОСУДАРСТВЕННОЕ БЮДЖЕТНОЕ УЧРЕЖДЕНИЕ ""ДЕТСКИЙ НАУЧНО-КЛИНИЧЕСКИЙ ЦЕНТР ИНФЕКЦИОННЫХ БОЛЕЗНЕЙ ФЕДЕРАЛЬНОГО МЕДИКО-БИОЛОГИЧЕСКОГО АГЕНТСТВА""",1845500
 МИНИСТЕРСТВО ЗДРАВООХРАНЕНИЯ СВЕРДЛОВСКОЙ ОБЛАСТИ,69599826
 ДЕПАРТАМЕНТ ЗДРАВООХРАНЕНИЯ БРЯНСКОЙ ОБЛАСТИ,9892733
" ГОСУДАРСТВЕННОЕ ПРЕДПРИЯТИЕ НИЖЕГОРОДСКОЙ ОБЛАСТИ ""НИЖЕГОРОДСКАЯ ОБЛАСТНАЯ ФАРМАЦИЯ""",35783773
" ФЕДЕРАЛЬНОЕ ГОСУДАРСТВЕННОЕ БЮДЖЕТНОЕ УЧРЕЖДЕНИЕ ""ДЕТСКИЙ НАУЧНО-КЛИНИЧЕСКИЙ ЦЕНТР ИНФЕКЦИОННЫХ БОЛЕЗНЕЙ ФЕДЕРАЛЬНОГО МЕДИКО-БИОЛОГИЧЕСКОГО АГЕНТСТВА""",133609
 ФЕДЕРАЛЬНОЕ ГОСУДАРСТВЕННОЕ БЮДЖЕТНОЕ НАУЧНОЕ УЧРЕЖДЕНИЕ ЦЕНТРАЛЬНАЯ КЛИНИЧЕСКАЯ БОЛЬНИЦА РОССИЙСКОЙ АКАДЕМИИ НАУК,3068040
 НОВОРОССИЙСКАЯ ТАМОЖНЯ,3600000
" ФЕДЕРАЛЬНОЕ ГОСУДАРСТВЕННОЕ БЮДЖЕТНОЕ УЧРЕЖДЕНИЕ ""НАЦИОНАЛЬНЫЙ МЕДИЦИНСКИЙ ИССЛЕДОВАТЕЛЬСКИЙ ЦЕНТР ОНКОЛОГИИ ИМЕНИ Н.Н. ПЕТРОВА"" МИНИСТЕРСТВА ЗДРАВООХРАНЕНИЯ РОССИЙСКОЙ ФЕДЕРАЦИИ",132000
" КРАЕВОЕ ГОСУДАРСТВЕННОЕ БЮДЖЕТНОЕ УЧРЕЖДЕНИЕ ЗДРАВООХРАНЕНИЯ ""ЦЕНТР ПО ПРОФИЛАКТИКЕ И БОРЬБЕ СО СПИД И ИНФЕКЦИОННЫМИ ЗАБОЛЕВАНИЯМИ"" МИНИСТЕРСТВА ЗДРАВООХРАНЕНИЯ ХАБАРОВСКОГО КРАЯ",2076089
" ФЕДЕРАЛЬНОЕ ГОСУДАРСТВЕННОЕ БЮДЖЕТНОЕ УЧРЕЖДЕНИЕ ""ДЕТСКИЙ НАУЧНО-КЛИНИЧЕСКИЙ ЦЕНТР ИНФЕКЦИОННЫХ БОЛЕЗНЕЙ ФЕДЕРАЛЬНОГО МЕДИКО-БИОЛОГИЧЕСКОГО АГЕНТСТВА""",176000
 ДЕПАРТАМЕНТ ЗДРАВООХРАНЕНИЯ И ФАРМАЦИИ  ЯРОСЛАВСКОЙ ОБЛАСТИ,1700000
" ГОСУДАРСТВЕННОЕ КАЗЕННОЕ УЧРЕЖДЕНИЕ ""КАЛИНИНГРАДСКАЯ ОБЛАСТНАЯ ФАРМАЦЕВТИЧЕСКАЯ КОМПАНИЯ""",19369665
" ФЕДЕРАЛЬНОЕ ГОСУДАРСТВЕННОЕ БЮДЖЕТНОЕ УЧРЕЖДЕНИЕ ""ДЕТСКИЙ НАУЧНО-КЛИНИЧЕСКИЙ ЦЕНТР ИНФЕКЦИОННЫХ БОЛЕЗНЕЙ ФЕДЕРАЛЬНОГО МЕДИКО-БИОЛОГИЧЕСКОГО АГЕНТСТВА""",221609
" ГОСУДАРСТВЕННОЕ КАЗЕННОЕ УЧРЕЖДЕНИЕ ГОРОДА МОСКВЫ ""АГЕНТСТВО ПО ЗАКУПКАМ (КОНТРАКТНАЯ СЛУЖБА) ДЕПАРТАМЕНТА ЗДРАВООХРАНЕНИЯ ГОРОДА МОСКВЫ""",311144000
" ГОСУДАРСТВЕННОЕ БЮДЖЕТНОЕ УЧРЕЖДЕНИЕ ЗДРАВООХРАНЕНИЯ МОСКОВСКОЙ ОБЛАСТИ ""МОСКОВСКИЙ ОБЛАСТНОЙ НАУЧНО-ИССЛЕДОВАТЕЛЬСКИЙ ИНСТИТУТ АКУШЕРСТВА И ГИНЕКОЛОГИИ""",26298043
" КРАЕВОЕ ГОСУДАРСТВЕННОЕ АВТОНОМНОЕ УЧРЕЖДЕНИЕ ЗДРАВООХРАНЕНИЯ ""КРАСНОЯРСКИЙ КРАЕВОЙ ЦЕНТР ПРОФИЛАКТИКИ И БОРЬБЫ СО СПИД""",820030
 КОМИТЕТ ПО ЗДРАВООХРАНЕНИЮ ЛЕНИНГРАДСКОЙ ОБЛАСТИ,13860000
 МИНИСТЕРСТВО ЗДРАВООХРАНЕНИЯ ЧЕЛЯБИНСКОЙ ОБЛАСТИ,220000000
" САНКТ-ПЕТЕРБУРГСКОЕ ГОСУДАРСТВЕННОЕ БЮДЖЕТНОЕ УЧРЕЖДЕНИЕ ЗДРАВООХРАНЕНИЯ ""ГОРОДСКОЙ ЦЕНТР ОХРАНЫ РЕПРОДУКТИВНОГО ЗДОРОВЬЯ ПОДРОСТКОВ ""ЮВЕНТА""",220000
" САНКТ-ПЕТЕРБУРГСКОЕ ГОСУДАРСТВЕННОЕ БЮДЖЕТНОЕ УЧРЕЖДЕНИЕ ЗДРАВООХРАНЕНИЯ ""ГОРОДСКОЙ ЦЕНТР ОХРАНЫ РЕПРОДУКТИВНОГО ЗДОРОВЬЯ ПОДРОСТКОВ ""ЮВЕНТА""",220000
 МИНИСТЕРСТВО ЗДРАВООХРАНЕНИЯ САХАЛИНСКОЙ ОБЛАСТИ,20012782
" БЮДЖЕТНОЕ УЧРЕЖДЕНИЕ ХАНТЫ-МАНСИЙСКОГО АВТОНОМНОГО ОКРУГА - ЮГРЫ ""ОКРУЖНАЯ КЛИНИЧЕСКАЯ БОЛЬНИЦА""",133485
" КРАЕВОЕ ГОСУДАРСТВЕННОЕ БЮДЖЕТНОЕ УЧРЕЖДЕНИЕ ЗДРАВООХРАНЕНИЯ ""ЦЕНТР ПО ПРОФИЛАКТИКЕ И БОРЬБЕ СО СПИД И ИНФЕКЦИОННЫМИ ЗАБОЛЕВАНИЯМИ"" МИНИСТЕРСТВА ЗДРАВООХРАНЕНИЯ ХАБАРОВСКОГО КРАЯ",117600
 МИНИСТЕРСТВО ЗДРАВООХРАНЕНИЯ ТУЛЬСКОЙ ОБЛАСТИ,7065000
" ГОСУДАРСТВЕННОЕ БЮДЖЕТНОЕ УЧРЕЖДЕНИЕ РЯЗАНСКОЙ ОБЛАСТИ ""ОБЛАСТНОЙ КЛИНИЧЕСКИЙ КОЖНО-ВЕНЕРОЛОГИЧЕСКИЙ ДИСПАНСЕР""",255000
" ФЕДЕРАЛЬНОЕ КАЗЕННОЕ УЧРЕЖДЕНИЕ ЗДРАВООХРАНЕНИЯ ""МЕДИКО-САНИТАРНАЯ ЧАСТЬ № 59 ФЕДЕРАЛЬНОЙ СЛУЖБЫ ИСПОЛНЕНИЯ НАКАЗАНИЙ""",250000
 ДЕПАРТАМЕНТ ЗДРАВООХРАНЕНИЯ БРЯНСКОЙ ОБЛАСТИ,2032384
" САНКТ-ПЕТЕРБУРГСКОЕ ГОСУДАРСТВЕННОЕ БЮДЖЕТНОЕ УЧРЕЖДЕНИЕ ЗДРАВООХРАНЕНИЯ  ""ГОРОДСКАЯ ПОЛИКЛИНИКА № 118""",304920
 РЕГИОНАЛЬНОЕ ОПЕРАТИВНО-ПОИСКОВОЕ УПРАВЛЕНИЕ,200000
 МИНИСТЕРСТВО ЗДРАВООХРАНЕНИЯ ОРЕНБУРГСКОЙ ОБЛАСТИ,4010765
" ФЕДЕРАЛЬНОЕ ГОСУДАРСТВЕННОЕ БЮДЖЕТНОЕ УЧРЕЖДЕНИЕ ""ДЕТСКИЙ НАУЧНО-КЛИНИЧЕСКИЙ ЦЕНТР ИНФЕКЦИОННЫХ БОЛЕЗНЕЙ ФЕДЕРАЛЬНОГО МЕДИКО-БИОЛОГИЧЕСКОГО АГЕНТСТВА""",223268
" ГОСУДАРСТВЕННОЕ БЮДЖЕТНОЕ УЧРЕЖДЕНИЕ ЗДРАВООХРАНЕНИЯ МОСКОВСКОЙ ОБЛАСТИ ""МОСКОВСКИЙ ОБЛАСТНОЙ НАУЧНО-ИССЛЕДОВАТЕЛЬСКИЙ ИНСТИТУТ АКУШЕРСТВА И ГИНЕКОЛОГИИ""",8123068
" САНКТ-ПЕТЕРБУРГСКОЕ ГОСУДАРСТВЕННОЕ БЮДЖЕТНОЕ УЧРЕЖДЕНИЕ ЗДРАВООХРАНЕНИЯ ""ДЕТСКАЯ ГОРОДСКАЯ ПОЛИКЛИНИКА № 68""",1367500
" ОБЛАСТНОЕ ГОСУДАРСТВЕННОЕ БЮДЖЕТНОЕ УЧРЕЖДЕНИЕ ЗДРАВООХРАНЕНИЯ ""СМОЛЕНСКИЙ ОБЛАСТНОЙ ОНКОЛОГИЧЕСКИЙ КЛИНИЧЕСКИЙ ДИСПАНСЕР""",993300
" ОБЛАСТНОЕ ГОСУДАРСТВЕННОЕ КАЗЕННОЕ УЧРЕЖДЕНИЕ ЗДРАВООХРАНЕНИЯ ""МАГАДАНСКИЙ ОБЛАСТНОЙ МЕДИЦИНСКИЙ ИНФОРМАЦИОННО-АНАЛИТИЧЕСКИЙ ЦЕНТР""",14490000
 МИНИСТЕРСТВО ЗДРАВООХРАНЕНИЯ УДМУРТСКОЙ РЕСПУБЛИКИ,1720341
" ГОСУДАРСТВЕННОЕ ПРЕДПРИЯТИЕ НИЖЕГОРОДСКОЙ ОБЛАСТИ ""НИЖЕГОРОДСКАЯ ОБЛАСТНАЯ ФАРМАЦИЯ""",12728008
 МИНИСТЕРСТВО ЗДРАВООХРАНЕНИЯ СВЕРДЛОВСКОЙ ОБЛАСТИ,69999912
" ГОСУДАРСТВЕННОЕ УЧРЕЖДЕНИЕ ЗДРАВООХРАНЕНИЯ  ""ЛИПЕЦКАЯ ОБЛАСТНАЯ КЛИНИЧЕСКАЯ ИНФЕКЦИОННАЯ БОЛЬНИЦА""",304715
" ФЕДЕРАЛЬНОЕ ГОСУДАРСТВЕННОЕ БЮДЖЕТНОЕ УЧРЕЖДЕНИЕ ""ДЕТСКИЙ НАУЧНО-КЛИНИЧЕСКИЙ ЦЕНТР ИНФЕКЦИОННЫХ БОЛЕЗНЕЙ ФЕДЕРАЛЬНОГО МЕДИКО-БИОЛОГИЧЕСКОГО АГЕНТСТВА""",299200
 МИНИСТЕРСТВО ЗДРАВООХРАНЕНИЯ ПРИМОРСКОГО КРАЯ,5500000
" ГОСУДАРСТВЕННОЕ БЮДЖЕТНОЕ УЧРЕЖДЕНИЕ ЗДРАВООХРАНЕНИЯ ТВЕРСКОЙ ОБЛАСТИ ""ЦЕНТР СПЕЦИАЛИЗИРОВАННЫХ ВИДОВ МЕДИЦИНСКОЙ ПОМОЩИ ИМЕНИ В.П. АВАЕВА""",1829997
" БЮДЖЕТНОЕ УЧРЕЖДЕНИЕ ХАНТЫ-МАНСИЙСКОГО АВТОНОМНОГО ОКРУГА - ЮГРЫ ""ОКРУЖНАЯ КЛИНИЧЕСКАЯ БОЛЬНИЦА""",106799
 МИНИСТЕРСТВО ЗДРАВООХРАНЕНИЯ НИЖЕГОРОДСКОЙ ОБЛАСТИ,9443857
" ГОСУДАРСТВЕННОЕ КАЗЕННОЕ УЧРЕЖДЕНИЕ ""КАЛИНИНГРАДСКАЯ ОБЛАСТНАЯ ФАРМАЦЕВТИЧЕСКАЯ КОМПАНИЯ""",2700000
" САНКТ-ПЕТЕРБУРГСКОЕ ГОСУДАРСТВЕННОЕ БЮДЖЕТНОЕ УЧРЕЖДЕНИЕ ЗДРАВООХРАНЕНИЯ ""ДЕТСКАЯ ГОРОДСКАЯ ПОЛИКЛИНИКА №29""",803880
 МИНИСТЕРСТВО ЗДРАВООХРАНЕНИЯ УДМУРТСКОЙ РЕСПУБЛИКИ,9781356
 НОВОРОССИЙСКАЯ ТАМОЖНЯ,2430000
" ГОСУДАРСТВЕННОЕ БЮДЖЕТНОЕ УЧРЕЖДЕНИЕ ЗДРАВООХРАНЕНИЯ ГОРОДА МОСКВЫ ""ДЕТСКАЯ ГОРОДСКАЯ ПОЛИКЛИНИКА №132 ДЕПАРТАМЕНТА ЗДРАВООХРАНЕНИЯ ГОРОДА МОСКВЫ""",8855
" ФЕДЕРАЛЬНОЕ ГОСУДАРСТВЕННОЕ БЮДЖЕТНОЕ НАУЧНОЕ УЧРЕЖДЕНИЕ ""НАУЧНО-ИССЛЕДОВАТЕЛЬСКИЙ ИНСТИТУТ АКУШЕРСТВА, ГИНЕКОЛОГИИ И РЕПРОДУКТОЛОГИИ ИМЕНИ Д.О. ОТТА""",267000
" САНКТ-ПЕТЕРБУРГСКОЕ ГОСУДАРСТВЕННОЕ БЮДЖЕТНОЕ УЧРЕЖДЕНИЕ ЗДРАВООХРАНЕНИЯ ""ГОРОДСКАЯ ПОЛИКЛИНИКА № 88""",88000
 ЦЕНТРАЛЬНАЯ ЭНЕРГЕТИЧЕСКАЯ ТАМОЖНЯ,239261
" ГОСУДАРСТВЕННОЕ БЮДЖЕТНОЕ УЧРЕЖДЕНИЕ ЗДРАВООХРАНЕНИЯ ""САМАРСКАЯ ОБЛАСТНАЯ КЛИНИЧЕСКАЯ БОЛЬНИЦА ИМ. В.Д.СЕРЕДАВИНА""",630456
" САНКТ-ПЕТЕРБУРГСКОЕ ГОСУДАРСТВЕННОЕ БЮДЖЕТНОЕ УЧРЕЖДЕНИЕ ЗДРАВООХРАНЕНИЯ ""КОНСУЛЬТАТИВНО-ДИАГНОСТИЧЕСКАЯ ПОЛИКЛИНИКА № 1 ПРИМОРСКОГО РАЙОНА""",2959867
" КРАЕВОЕ ГОСУДАРСТВЕННОЕ БЮДЖЕТНОЕ УЧРЕЖДЕНИЕ ЗДРАВООХРАНЕНИЯ ""ЦЕНТР ПО ПРОФИЛАКТИКЕ И БОРЬБЕ СО СПИД И ИНФЕКЦИОННЫМИ ЗАБОЛЕВАНИЯМИ"" МИНИСТЕРСТВА ЗДРАВООХРАНЕНИЯ ХАБАРОВСКОГО КРАЯ",14999985
" БЮДЖЕТНОЕ УЧРЕЖДЕНИЕ ХАНТЫ-МАНСИЙСКОГО АВТОНОМНОГО ОКРУГА - ЮГРЫ ""ОКРУЖНАЯ КЛИНИЧЕСКАЯ БОЛЬНИЦА""",186897
" САНКТ-ПЕТЕРБУРГСКОЕ ГОСУДАРСТВЕННОЕ БЮДЖЕТНОЕ УЧРЕЖДЕНИЕ ЗДРАВООХРАНЕНИЯ ""ДЕТСКАЯ ГОРОДСКАЯ БОЛЬНИЦА № 22""",2032800
" КРАЕВОЕ ГОСУДАРСТВЕННОЕ АВТОНОМНОЕ УЧРЕЖДЕНИЕ ЗДРАВООХРАНЕНИЯ ""КРАСНОЯРСКИЙ КРАЕВОЙ ЦЕНТР ПРОФИЛАКТИКИ И БОРЬБЫ СО СПИД""",2070000
" ГОСУДАРСТВЕННОЕ БЮДЖЕТНОЕ УЧРЕЖДЕНИЕ ЗДРАВООХРАНЕНИЯ ""КАМЧАТСКИЙ КРАЕВОЙ ЦЕНТР ПО ПРОФИЛАКТИКЕ И БОРЬБЕ СО СПИД И ИНФЕКЦИОННЫМИ ЗАБОЛЕВАНИЯМИ""",2170800
" САНКТ-ПЕТЕРБУРГСКОЕ ГОСУДАРСТВЕННОЕ БЮДЖЕТНОЕ УЧРЕЖДЕНИЕ ЗДРАВООХРАНЕНИЯ ""НИКОЛАЕВСКАЯ БОЛЬНИЦА""",1441440
" ФЕДЕРАЛЬНОЕ ГОСУДАРСТВЕННОЕ АВТОНОМНОЕ УЧРЕЖДЕНИЕ ""НАЦИОНАЛЬНЫЙ МЕДИЦИНСКИЙ ИССЛЕДОВАТЕЛЬСКИЙ ЦЕНТР ЗДОРОВЬЯ ДЕТЕЙ"" МИНИСТЕРСТВА ЗДРАВООХРАНЕНИЯ РОССИЙСКОЙ ФЕДЕРАЦИИ",4142783
" САНКТ-ПЕТЕРБУРГСКОЕ ГОСУДАРСТВЕННОЕ БЮДЖЕТНОЕ УЧРЕЖДЕНИЕ ЗДРАВООХРАНЕНИЯ ""ГОРОДСКАЯ ПОЛИКЛИНИКА № 51""",277200
" ГОСУДАРСТВЕННОЕ КАЗЕННОЕ УЧРЕЖДЕНИЕ СЕВАСТОПОЛЯ ""МЕДИЦИНСКИЙ СКЛАД № 1043""",25484088
" ГОСУДАРСТВЕННОЕ УЧРЕЖДЕНИЕ ЗДРАВООХРАНЕНИЯ  ""ЛИПЕЦКАЯ ОБЛАСТНАЯ КЛИНИЧЕСКАЯ ИНФЕКЦИОННАЯ БОЛЬНИЦА""",431071
" ГОСУДАРСТВЕННОЕ ОБЛАСТНОЕ БЮДЖЕТНОЕ УЧРЕЖДЕНИЕ ЗДРАВООХРАНЕНИЯ ""МУРМАНСКАЯ ГОРОДСКАЯ ДЕТСКАЯ ПОЛИКЛИНИКА № 4""",280412
" ФЕДЕРАЛЬНОЕ ГОСУДАРСТВЕННОЕ БЮДЖЕТНОЕ УЧРЕЖДЕНИЕ ""НАЦИОНАЛЬНЫЙ МЕДИЦИНСКИЙ ИССЛЕДОВАТЕЛЬСКИЙ ЦЕНТР ОНКОЛОГИИ ИМЕНИ Н.Н. БЛОХИНА"" МИНИСТЕРСТВА ЗДРАВООХРАНЕНИЯ РОССИЙСКОЙ ФЕДЕРАЦИИ",19983852
" ГОСУДАРСТВЕННОЕ АВТОНОМНОЕ УЧРЕЖДЕНИЕ ЗДРАВООХРАНЕНИЯ ТЮМЕНСКОЙ ОБЛАСТИ ""ГОРОДСКАЯ ПОЛИКЛИНИКА № 17""",1770317
" САНКТ-ПЕТЕРБУРГСКОЕ ГОСУДАРСТВЕННОЕ БЮДЖЕТНОЕ УЧРЕЖДЕНИЕ ЗДРАВООХРАНЕНИЯ ""ДЕТСКАЯ ГОРОДСКАЯ ПОЛИКЛИНИКА № 19""",1108800
 МИНИСТЕРСТВО ЗДРАВООХРАНЕНИЯ ЧЕЛЯБИНСКОЙ ОБЛАСТИ,210048000
" ГОСУДАРСТВЕННОЕ КАЗЁННОЕ УЧРЕЖДЕНИЕ ЯМАЛО-НЕНЕЦКОГО АВТОНОМНОГО ОКРУГА ""ЦЕНТР РЕСУРСНОГО ОБЕСПЕЧЕНИЯ В СФЕРЕ ЗДРАВООХРАНЕНИЯ""",21988000
" САНКТ-ПЕТЕРБУРГСКОЕ ГОСУДАРСТВЕННОЕ БЮДЖЕТНОЕ УЧРЕЖДЕНИЕ ЗДРАВООХРАНЕНИЯ ""ГОРОДСКАЯ ПОЛИКЛИНИКА № 88""",1940400
" ГОСУДАРСТВЕННОЕ БЮДЖЕТНОЕ УЧРЕЖДЕНИЕ ЗДРАВООХРАНЕНИЯ КАМЧАТСКОГО КРАЯ ""ЕЛИЗОВСКАЯ РАЙОННАЯ БОЛЬНИЦА""",330000
" САНКТ-ПЕТЕРБУРГСКОЕ ГОСУДАРСТВЕННОЕ БЮДЖЕТНОЕ УЧРЕЖДЕНИЕ ЗДРАВООХРАНЕНИЯ ""ГОРОДСКАЯ ПОЛИКЛИНИКА № 109""",2813202
" САНКТ-ПЕТЕРБУРГСКОЕ ГОСУДАРСТВЕННОЕ БЮДЖЕТНОЕ УЧРЕЖДЕНИЕ ЗДРАВООХРАНЕНИЯ ""ГОРОДСКАЯ ПОЛИКЛИНИКА № 63""",2469150
" ФЕДЕРАЛЬНОЕ ГОСУДАРСТВЕННОЕ АВТОНОМНОЕ УЧРЕЖДЕНИЕ ""НАЦИОНАЛЬНЫЙ МЕДИЦИНСКИЙ ИССЛЕДОВАТЕЛЬСКИЙ ЦЕНТР ЗДОРОВЬЯ ДЕТЕЙ"" МИНИСТЕРСТВА ЗДРАВООХРАНЕНИЯ РОССИЙСКОЙ ФЕДЕРАЦИИ",345779
" ФЕДЕРАЛЬНОЕ КАЗЕННОЕ УЧРЕЖДЕНИЕ ЗДРАВООХРАНЕНИЯ ""МЕДИКО-САНИТАРНАЯ ЧАСТЬ № 59 ФЕДЕРАЛЬНОЙ СЛУЖБЫ ИСПОЛНЕНИЯ НАКАЗАНИЙ""",400000
" ФЕДЕРАЛЬНОЕ ГОСУДАРСТВЕННОЕ БЮДЖЕТНОЕ УЧРЕЖДЕНИЕ ""КОНСУЛЬТАТИВНО-ДИАГНОСТИЧЕСКИЙ ЦЕНТР С ПОЛИКЛИНИКОЙ"" УПРАВЛЕНИЯ ДЕЛАМИ ПРЕЗИДЕНТА РОССИЙСКОЙ ФЕДЕРАЦИИ",528000
" САНКТ-ПЕТЕРБУРГСКОЕ ГОСУДАРСТВЕННОЕ БЮДЖЕТНОЕ УЧРЕЖДЕНИЕ ЗДРАВООХРАНЕНИЯ ""ГОРОДСКАЯ ПОЛИКЛИНИКА №74""",973400
" САНКТ-ПЕТЕРБУРГСКОЕ ГОСУДАРСТВЕННОЕ БЮДЖЕТНОЕ УЧРЕЖДЕНИЕ ЗДРАВООХРАНЕНИЯ ""ГОРОДСКАЯ ПОЛИКЛИНИКА № 91""",279000
" САНКТ-ПЕТЕРБУРГСКОЕ ГОСУДАРСТВЕННОЕ БЮДЖЕТНОЕ УЧРЕЖДЕНИЕ ЗДРАВООХРАНЕНИЯ ""ГОРОДСКАЯ ПОЛИКЛИНИКА № 51""",554400
 ДЕПАРТАМЕНТ ЗДРАВООХРАНЕНИЯ БРЯНСКОЙ ОБЛАСТИ,17626660
" САНКТ-ПЕТЕРБУРГСКОЕ ГОСУДАРСТВЕННОЕ БЮДЖЕТНОЕ УЧРЕЖДЕНИЕ ЗДРАВООХРАНЕНИЯ ""ГОРОДСКАЯ ПОЛИКЛИНИКА №27""",3723720
" ФЕДЕРАЛЬНОЕ ГОСУДАРСТВЕННОЕ БЮДЖЕТНОЕ НАУЧНОЕ УЧРЕЖДЕНИЕ ""НАУЧНО-ИССЛЕДОВАТЕЛЬСКИЙ ИНСТИТУТ ВАКЦИН И СЫВОРОТОК ИМ. И.И. МЕЧНИКОВА""",11451469
" САНКТ-ПЕТЕРБУРГСКОЕ ГОСУДАРСТВЕННОЕ БЮДЖЕТНОЕ УЧРЕЖДЕНИЕ ЗДРАВООХРАНЕНИЯ ""ГОРОДСКАЯ ПОЛИКЛИНИКА № 43""",2772000
 ДЕПАРТАМЕНТ ЗДРАВООХРАНЕНИЯ ЧУКОТСКОГО АВТОНОМНОГО ОКРУГА,287971
" САНКТ-ПЕТЕРБУРГСКОЕ ГОСУДАРСТВЕННОЕ БЮДЖЕТНОЕ УЧРЕЖДЕНИЕ ЗДРАВООХРАНЕНИЯ ""ГОРОДСКАЯ ПОЛИКЛИНИКА № 4""",983052
" САНКТ-ПЕТЕРБУРГСКОЕ ГОСУДАРСТВЕННОЕ БЮДЖЕТНОЕ УЧРЕЖДЕНИЕ ЗДРАВООХРАНЕНИЯ ""ГОРОДСКАЯ ПОЛИКЛИНИКА № 122""",983455
" ГОСУДАРСТВЕННОЕ ПРЕДПРИЯТИЕ НИЖЕГОРОДСКОЙ ОБЛАСТИ ""НИЖЕГОРОДСКАЯ ОБЛАСТНАЯ ФАРМАЦИЯ""",24017835
 ФЕДЕРАЛЬНОЕ ГОСУДАРСТВЕННОЕ БЮДЖЕТНОЕ НАУЧНОЕ УЧРЕЖДЕНИЕ ЦЕНТРАЛЬНАЯ КЛИНИЧЕСКАЯ БОЛЬНИЦА РОССИЙСКОЙ АКАДЕМИИ НАУК,5900589
" САНКТ-ПЕТЕРБУРГСКОЕ ГОСУДАРСТВЕННОЕ БЮДЖЕТНОЕ УЧРЕЖДЕНИЕ ЗДРАВООХРАНЕНИЯ ""ГОРОДСКАЯ ПОЛИКЛИНИКА №23""",782189
 МИНИСТЕРСТВО ЗДРАВООХРАНЕНИЯ СВЕРДЛОВСКОЙ ОБЛАСТИ,69089100
" ФЕДЕРАЛЬНОЕ ГОСУДАРСТВЕННОЕ БЮДЖЕТНОЕ УЧРЕЖДЕНИЕ ""9 ЛЕЧЕБНО-ДИАГНОСТИЧЕСКИЙ ЦЕНТР"" МИНИСТЕРСТВА ОБОРОНЫ РОССИЙСКОЙ ФЕДЕРАЦИИ",372742
" ГОСУДАРСТВЕННОЕ КАЗЕННОЕ УЧРЕЖДЕНИЕ НОВОСИБИРСКОЙ ОБЛАСТИ ""НОВОСИБОБЛФАРМ""",1593599
" САНКТ-ПЕТЕРБУРГСКОЕ ГОСУДАРСТВЕННОЕ БЮДЖЕТНОЕ УЧРЕЖДЕНИЕ ЗДРАВООХРАНЕНИЯ ""ГОРОДСКАЯ ПОЛИКЛИНИКА № 43""",425040
 МИНИСТЕРСТВО ЗДРАВООХРАНЕНИЯ И ДЕМОГРАФИЧЕСКОЙ ПОЛИТИКИ МАГАДАНСКОЙ ОБЛАСТИ,6000000
" ФЕДЕРАЛЬНОЕ ГОСУДАРСТВЕННОЕ БЮДЖЕТНОЕ НАУЧНОЕ УЧРЕЖДЕНИЕ ""НАУЧНО-ИССЛЕДОВАТЕЛЬСКИЙ ИНСТИТУТ АКУШЕРСТВА, ГИНЕКОЛОГИИ И РЕПРОДУКТОЛОГИИ ИМЕНИ Д.О. ОТТА""",176000
" САНКТ-ПЕТЕРБУРГСКОЕ ГОСУДАРСТВЕННОЕ БЮДЖЕТНОЕ УЧРЕЖДЕНИЕ ЗДРАВООХРАНЕНИЯ ""ГОРОДСКАЯ ПОЛИКЛИНИКА № 122""",745786
 КОМИТЕТ ПО ЗДРАВООХРАНЕНИЮ ЛЕНИНГРАДСКОЙ ОБЛАСТИ,2340000
" ГОСУДАРСТВЕННОЕ КАЗЕННОЕ УЧРЕЖДЕНИЕ СЕВАСТОПОЛЯ ""МЕДИЦИНСКИЙ СКЛАД № 1043""",17846000
" ГОСУДАРСТВЕННОЕ БЮДЖЕТНОЕ УЧРЕЖДЕНИЕ РЯЗАНСКОЙ ОБЛАСТИ ""ОБЛАСТНОЙ КЛИНИЧЕСКИЙ КОЖНО-ВЕНЕРОЛОГИЧЕСКИЙ ДИСПАНСЕР""",255600
" ГОСУДАРСТВЕННОЕ БЮДЖЕТНОЕ УЧРЕЖДЕНИЕ ЗДРАВООХРАНЕНИЯ МОСКОВСКОЙ ОБЛАСТИ ""МОСКОВСКИЙ ОБЛАСТНОЙ НАУЧНО-ИССЛЕДОВАТЕЛЬСКИЙ ИНСТИТУТ АКУШЕРСТВА И ГИНЕКОЛОГИИ""",34426944
 ГЛАВНОЕ УПРАВЛЕНИЕ ФЕДЕРАЛЬНОЙ СЛУЖБЫ ИСПОЛНЕНИЯ НАКАЗАНИЙ ПО ПЕРМСКОМУ КРАЮ,400000
 ФЕДЕРАЛЬНОЕ ГОСУДАРСТВЕННОЕ БЮДЖЕТНОЕ УЧРЕЖДЕНИЕ ЗДРАВООХРАНЕНИЯ ЦЕНТРАЛЬНАЯ КЛИНИЧЕСКАЯ БОЛЬНИЦА РОССИЙСКОЙ АКАДЕМИИ НАУК,303336
" САНКТ-ПЕТЕРБУРГСКОЕ ГОСУДАРСТВЕННОЕ БЮДЖЕТНОЕ УЧРЕЖДЕНИЕ ЗДРАВООХРАНЕНИЯ ""ГОРОДСКАЯ ПОЛИКЛИНИКА № 4""",245763
" ГОСУДАРСТВЕННОЕ КАЗЕННОЕ УЧРЕЖДЕНИЕ ""КАЛИНИНГРАДСКАЯ ОБЛАСТНАЯ ФАРМАЦЕВТИЧЕСКАЯ КОМПАНИЯ""",1350000
 ГЛАВНОЕ УПРАВЛЕНИЕ ФЕДЕРАЛЬНОЙ СЛУЖБЫ ИСПОЛНЕНИЯ НАКАЗАНИЙ ПО ПЕРМСКОМУ КРАЮ,150000
" САНКТ-ПЕТЕРБУРГСКОЕ ГОСУДАРСТВЕННОЕ БЮДЖЕТНОЕ УЧРЕЖДЕНИЕ ЗДРАВООХРАНЕНИЯ ""ДЕТСКАЯ ГОРОДСКАЯ БОЛЬНИЦА № 22""",1716525
" ФЕДЕРАЛЬНОЕ БЮДЖЕТНОЕ УЧРЕЖДЕНИЕ ЗДРАВООХРАНЕНИЯ ""ЦЕНТР ГИГИЕНЫ И ЭПИДЕМИОЛОГИИ В ПЕРМСКОМ КРАЕ""",7559039
 МИНИСТЕРСТВО ЗДРАВООХРАНЕНИЯ САХАЛИНСКОЙ ОБЛАСТИ,16415979
" ГОСУДАРСТВЕННОЕ УЧРЕЖДЕНИЕ ЗДРАВООХРАНЕНИЯ  ""ЛИПЕЦКАЯ ОБЛАСТНАЯ КЛИНИЧЕСКАЯ ИНФЕКЦИОННАЯ БОЛЬНИЦА""",124351
 МИНИСТЕРСТВО ЗДРАВООХРАНЕНИЯ УДМУРТСКОЙ РЕСПУБЛИКИ,7372890
" САНКТ-ПЕТЕРБУРГСКОЕ ГОСУДАРСТВЕННОЕ БЮДЖЕТНОЕ УЧРЕЖДЕНИЕ ЗДРАВООХРАНЕНИЯ ""НИКОЛАЕВСКАЯ БОЛЬНИЦА""",2457630
" САНКТ-ПЕТЕРБУРГСКОЕ ГОСУДАРСТВЕННОЕ БЮДЖЕТНОЕ УЧРЕЖДЕНИЕ ЗДРАВООХРАНЕНИЯ  ""ГОРОДСКАЯ ПОЛИКЛИНИКА № 118""",117000
 ГЛАВНОЕ УПРАВЛЕНИЕ ФЕДЕРАЛЬНОЙ СЛУЖБЫ ИСПОЛНЕНИЯ НАКАЗАНИЙ ПО ПЕРМСКОМУ КРАЮ,1000000
" САНКТ-ПЕТЕРБУРГСКОЕ ГОСУДАРСТВЕННОЕ БЮДЖЕТНОЕ УЧРЕЖДЕНИЕ ЗДРАВООХРАНЕНИЯ ""ДЕТСКАЯ ГОРОДСКАЯ ПОЛИКЛИНИКА №29""",234000
" ФЕДЕРАЛЬНОЕ ГОСУДАРСТВЕННОЕ БЮДЖЕТНОЕ УЧРЕЖДЕНИЕ ""НАЦИОНАЛЬНЫЙ МЕДИЦИНСКИЙ ИССЛЕДОВАТЕЛЬСКИЙ ЦЕНТР ОНКОЛОГИИ ИМЕНИ Н.Н. ПЕТРОВА"" МИНИСТЕРСТВА ЗДРАВООХРАНЕНИЯ РОССИЙСКОЙ ФЕДЕРАЦИИ",572000
" САНКТ-ПЕТЕРБУРГСКОЕ ГОСУДАРСТВЕННОЕ БЮДЖЕТНОЕ УЧРЕЖДЕНИЕ ЗДРАВООХРАНЕНИЯ ""ДЕТСКАЯ ГОРОДСКАЯ ПОЛИКЛИНИКА № 63""",2129250
 МИНИСТЕРСТВО ЗДРАВООХРАНЕНИЯ ОРЕНБУРГСКОЙ ОБЛАСТИ,3602500
 МИНИСТЕРСТВО ЗДРАВООХРАНЕНИЯ ПРИМОРСКОГО КРАЯ,4015000
" БЮДЖЕТНОЕ УЧРЕЖДЕНИЕ ХАНТЫ-МАНСИЙСКОГО АВТОНОМНОГО ОКРУГА - ЮГРЫ ""ОКРУЖНАЯ КЛИНИЧЕСКАЯ БОЛЬНИЦА""",353657
" ГОСУДАРСТВЕННОЕ БЮДЖЕТНОЕ УЧРЕЖДЕНИЕ ЗДРАВООХРАНЕНИЯ ТВЕРСКОЙ ОБЛАСТИ ""ЦЕНТР СПЕЦИАЛИЗИРОВАННЫХ ВИДОВ МЕДИЦИНСКОЙ ПОМОЩИ ИМЕНИ В.П. АВАЕВА""",1778945
 ГЛАВНОЕ УПРАВЛЕНИЕ ФЕДЕРАЛЬНОЙ СЛУЖБЫ ИСПОЛНЕНИЯ НАКАЗАНИЙ ПО ПЕРМСКОМУ КРАЮ,80000
" ГОСУДАРСТВЕННОЕ БЮДЖЕТНОЕ УЧРЕЖДЕНИЕ ЗДРАВООХРАНЕНИЯ ""САМАРСКАЯ ОБЛАСТНАЯ КЛИНИЧЕСКАЯ БОЛЬНИЦА ИМ. В.Д.СЕРЕДАВИНА""",553969
" ГОСУДАРСТВЕННОЕ БЮДЖЕТНОЕ УЧРЕЖДЕНИЕ ЗДРАВООХРАНЕНИЯ КАМЧАТСКОГО КРАЯ ""ЕЛИЗОВСКАЯ РАЙОННАЯ БОЛЬНИЦА""",511800
" ГОСУДАРСТВЕННОЕ КАЗЕННОЕ УЧРЕЖДЕНИЕ НОВОСИБИРСКОЙ ОБЛАСТИ ""НОВОСИБОБЛФАРМ""",2800983
" ФЕДЕРАЛЬНОЕ БЮДЖЕТНОЕ УЧРЕЖДЕНИЕ ЗДРАВООХРАНЕНИЯ ""ЦЕНТР ГИГИЕНЫ И ЭПИДЕМИОЛОГИИ В ИВАНОВСКОЙ ОБЛАСТИ""",4352453
" ФЕДЕРАЛЬНОЕ БЮДЖЕТНОЕ УЧРЕЖДЕНИЕ ЗДРАВООХРАНЕНИЯ ""ЦЕНТР ГИГИЕНЫ И ЭПИДЕМИОЛОГИИ В КАБАРДИНО-БАЛКАРСКОЙ РЕСПУБЛИКЕ""",1312762
" САНКТ-ПЕТЕРБУРГСКОЕ ГОСУДАРСТВЕННОЕ БЮДЖЕТНОЕ УЧРЕЖДЕНИЕ ЗДРАВООХРАНЕНИЯ ""ГОРОДСКАЯ ПОЛИКЛИНИКА № 4""",491526
" САНКТ-ПЕТЕРБУРГСКОЕ ГОСУДАРСТВЕННОЕ БЮДЖЕТНОЕ УЧРЕЖДЕНИЕ ЗДРАВООХРАНЕНИЯ ""ГОРОДСКАЯ ПОЛИКЛИНИКА №74""",611654
" ФЕДЕРАЛЬНОЕ ГОСУДАРСТВЕННОЕ АВТОНОМНОЕ УЧРЕЖДЕНИЕ ""НАЦИОНАЛЬНЫЙ МЕДИЦИНСКИЙ ИССЛЕДОВАТЕЛЬСКИЙ ЦЕНТР ЗДОРОВЬЯ ДЕТЕЙ"" МИНИСТЕРСТВА ЗДРАВООХРАНЕНИЯ РОССИЙСКОЙ ФЕДЕРАЦИИ",3615766
" САНКТ-ПЕТЕРБУРГСКОЕ ГОСУДАРСТВЕННОЕ БЮДЖЕТНОЕ УЧРЕЖДЕНИЕ ЗДРАВООХРАНЕНИЯ ""ГОРОДСКАЯ ПОЛИКЛИНИКА №27""",5513334
" ГОСУДАРСТВЕННОЕ ОБЛАСТНОЕ БЮДЖЕТНОЕ УЧРЕЖДЕНИЕ ЗДРАВООХРАНЕНИЯ ""МУРМАНСКАЯ ГОРОДСКАЯ ДЕТСКАЯ ПОЛИКЛИНИКА № 4""",102774
" ФЕДЕРАЛЬНОЕ ГОСУДАРСТВЕННОЕ АВТОНОМНОЕ УЧРЕЖДЕНИЕ ""НАЦИОНАЛЬНЫЙ МЕДИЦИНСКИЙ ИССЛЕДОВАТЕЛЬСКИЙ ЦЕНТР ЗДОРОВЬЯ ДЕТЕЙ"" МИНИСТЕРСТВА ЗДРАВООХРАНЕНИЯ РОССИЙСКОЙ ФЕДЕРАЦИИ",495495
" САНКТ-ПЕТЕРБУРГСКОЕ ГОСУДАРСТВЕННОЕ БЮДЖЕТНОЕ УЧРЕЖДЕНИЕ ЗДРАВООХРАНЕНИЯ ""ГОРОДСКАЯ ПОЛИКЛИНИКА №23""",491526
" САНКТ-ПЕТЕРБУРГСКОЕ ГОСУДАРСТВЕННОЕ БЮДЖЕТНОЕ УЧРЕЖДЕНИЕ ЗДРАВООХРАНЕНИЯ ""ГОРОДСКАЯ ПОЛИКЛИНИКА № 51""",298800
" ФЕДЕРАЛЬНОЕ КАЗЕННОЕ УЧРЕЖДЕНИЕ ЗДРАВООХРАНЕНИЯ ""РОССИЙСКИЙ НАУЧНО-ИССЛЕДОВАТЕЛЬСКИЙ ПРОТИВОЧУМНЫЙ ИНСТИТУТ ""МИКРОБ"" ФЕДЕРАЛЬНОЙ СЛУЖБЫ ПО НАДЗОРУ В СФЕРЕ ЗАЩИТЫ ПРАВ ПОТРЕБИТЕЛЕЙ И БЛАГОПОЛУЧИЯ ЧЕЛОВЕКА",1337628
" ФЕДЕРАЛЬНОЕ ГОСУДАРСТВЕННОЕ БЮДЖЕТНОЕ УЧРЕЖДЕНИЕ ""ДЕТСКИЙ НАУЧНО-КЛИНИЧЕСКИЙ ЦЕНТР ИНФЕКЦИОННЫХ БОЛЕЗНЕЙ ФЕДЕРАЛЬНОГО МЕДИКО-БИОЛОГИЧЕСКОГО АГЕНТСТВА""",1966436
" ГОСУДАРСТВЕННОЕ КАЗЕННОЕ УЧРЕЖДЕНИЕ НОВОСИБИРСКОЙ ОБЛАСТИ ""НОВОСИБОБЛФАРМ""",3670800
" ФЕДЕРАЛЬНОЕ КАЗЕННОЕ УЧРЕЖДЕНИЕ ЗДРАВООХРАНЕНИЯ ""МЕДИКО-САНИТАРНАЯ ЧАСТЬ № 59 ФЕДЕРАЛЬНОЙ СЛУЖБЫ ИСПОЛНЕНИЯ НАКАЗАНИЙ""",600000
" САНКТ-ПЕТЕРБУРГСКОЕ ГОСУДАРСТВЕННОЕ БЮДЖЕТНОЕ УЧРЕЖДЕНИЕ ЗДРАВООХРАНЕНИЯ ""ДЕТСКАЯ ГОРОДСКАЯ ПОЛИКЛИНИКА № 49"" ПУШКИНСКОГО РАЙОНА",533861
 ГЛАВНОЕ УПРАВЛЕНИЕ ФЕДЕРАЛЬНОЙ СЛУЖБЫ ИСПОЛНЕНИЯ НАКАЗАНИЙ ПО ПЕРМСКОМУ КРАЮ,500000
 ГЛАВНОЕ УПРАВЛЕНИЕ ФЕДЕРАЛЬНОЙ СЛУЖБЫ ИСПОЛНЕНИЯ НАКАЗАНИЙ ПО ПЕРМСКОМУ КРАЮ,10000
 ГЛАВНОЕ УПРАВЛЕНИЕ ФЕДЕРАЛЬНОЙ СЛУЖБЫ ИСПОЛНЕНИЯ НАКАЗАНИЙ ПО ПЕРМСКОМУ КРАЮ,50000
 ГЛАВНОЕ УПРАВЛЕНИЕ ФЕДЕРАЛЬНОЙ СЛУЖБЫ ИСПОЛНЕНИЯ НАКАЗАНИЙ ПО ПЕРМСКОМУ КРАЮ,2200000
 ГЛАВНОЕ УПРАВЛЕНИЕ ФЕДЕРАЛЬНОЙ СЛУЖБЫ ИСПОЛНЕНИЯ НАКАЗАНИЙ ПО ПЕРМСКОМУ КРАЮ,1300000
" САНКТ-ПЕТЕРБУРГСКОЕ ГОСУДАРСТВЕННОЕ БЮДЖЕТНОЕ УЧРЕЖДЕНИЕ ЗДРАВООХРАНЕНИЯ ""ГОРОДСКАЯ ПОЛИКЛИНИКА № 109""",2340717
" САНКТ-ПЕТЕРБУРГСКОЕ ГОСУДАРСТВЕННОЕ БЮДЖЕТНОЕ УЧРЕЖДЕНИЕ ЗДРАВООХРАНЕНИЯ ""ГОРОДСКАЯ ПОЛИКЛИНИКА № 122""",819546
" САНКТ-ПЕТЕРБУРГСКОЕ ГОСУДАРСТВЕННОЕ БЮДЖЕТНОЕ УЧРЕЖДЕНИЕ ЗДРАВООХРАНЕНИЯ ""ДЕТСКАЯ ГОРОДСКАЯ ПОЛИКЛИНИКА № 44""",937442
" САНКТ-ПЕТЕРБУРГСКОЕ ГОСУДАРСТВЕННОЕ БЮДЖЕТНОЕ УЧРЕЖДЕНИЕ ЗДРАВООХРАНЕНИЯ ""ГОРОДСКАЯ ПОЛИКЛИНИКА №23""",122881
" ФЕДЕРАЛЬНОЕ ГОСУДАРСТВЕННОЕ БЮДЖЕТНОЕ УЧРЕЖДЕНИЕ ""9 ЛЕЧЕБНО-ДИАГНОСТИЧЕСКИЙ ЦЕНТР"" МИНИСТЕРСТВА ОБОРОНЫ РОССИЙСКОЙ ФЕДЕРАЦИИ",124100
" ГОСУДАРСТВЕННОЕ БЮДЖЕТНОЕ УЧРЕЖДЕНИЕ ЗДРАВООХРАНЕНИЯ НЕНЕЦКОГО АВТОНОМНОГО ОКРУГА ""НЕНЕЦКАЯ ОКРУЖНАЯ БОЛЬНИЦА""",852240
" ФЕДЕРАЛЬНОЕ ГОСУДАРСТВЕННОЕ БЮДЖЕТНОЕ УЧРЕЖДЕНИЕ ""КОНСУЛЬТАТИВНО-ДИАГНОСТИЧЕСКИЙ ЦЕНТР С ПОЛИКЛИНИКОЙ"" УПРАВЛЕНИЯ ДЕЛАМИ ПРЕЗИДЕНТА РОССИЙСКОЙ ФЕДЕРАЦИИ",237000
 ДЕПАРТАМЕНТ ЗДРАВООХРАНЕНИЯ БРЯНСКОЙ ОБЛАСТИ,13219995
 МИНИСТЕРСТВО ЗДРАВООХРАНЕНИЯ СВЕРДЛОВСКОЙ ОБЛАСТИ,28200941
" САНКТ-ПЕТЕРБУРГСКОЕ ГОСУДАРСТВЕННОЕ БЮДЖЕТНОЕ УЧРЕЖДЕНИЕ ЗДРАВООХРАНЕНИЯ ""ГОРОДСКАЯ ПОЛИКЛИНИКА №74""",302298
" ГОСУДАРСТВЕННОЕ ПРЕДПРИЯТИЕ НИЖЕГОРОДСКОЙ ОБЛАСТИ ""НИЖЕГОРОДСКАЯ ОБЛАСТНАЯ ФАРМАЦИЯ""",38439766
" ФЕДЕРАЛЬНОЕ КАЗЕННОЕ УЧРЕЖДЕНИЕ ЗДРАВООХРАНЕНИЯ ""МЕДИКО-САНИТАРНАЯ ЧАСТЬ № 59 ФЕДЕРАЛЬНОЙ СЛУЖБЫ ИСПОЛНЕНИЯ НАКАЗАНИЙ""",99000
" ГОСУДАРСТВЕННОЕ БЮДЖЕТНОЕ УЧРЕЖДЕНИЕ ЗДРАВООХРАНЕНИЯ НЕНЕЦКОГО АВТОНОМНОГО ОКРУГА ""НЕНЕЦКАЯ ОКРУЖНАЯ БОЛЬНИЦА""",1293064
 МИНИСТЕРСТВО ЗДРАВООХРАНЕНИЯ НИЖЕГОРОДСКОЙ ОБЛАСТИ,3888000
" ФЕДЕРАЛЬНОЕ ГОСУДАРСТВЕННОЕ БЮДЖЕТНОЕ УЧРЕЖДЕНИЕ ""ДЕТСКИЙ НАУЧНО-КЛИНИЧЕСКИЙ ЦЕНТР ИНФЕКЦИОННЫХ БОЛЕЗНЕЙ ФЕДЕРАЛЬНОГО МЕДИКО-БИОЛОГИЧЕСКОГО АГЕНТСТВА""",2843793
" ГОСУДАРСТВЕННОЕ АВТОНОМНОЕ УЧРЕЖДЕНИЕ РОСТОВСКОЙ ОБЛАСТИ ""ОБЛАСТНОЙ КОНСУЛЬТАТИВНО-ДИАГНОСТИЧЕСКИЙ ЦЕНТР""",292000
" ГОСУДАРСТВЕННОЕ БЮДЖЕТНОЕ УЧРЕЖДЕНИЕ ЗДРАВООХРАНЕНИЯ ТВЕРСКОЙ ОБЛАСТИ ""ЦЕНТР СПЕЦИАЛИЗИРОВАННЫХ ВИДОВ МЕДИЦИНСКОЙ ПОМОЩИ ИМЕНИ В.П. АВАЕВА""",1782812
" ГОСУДАРСТВЕННОЕ БЮДЖЕТНОЕ УЧРЕЖДЕНИЕ ЗДРАВООХРАНЕНИЯ МОСКОВСКОЙ ОБЛАСТИ ""МОСКОВСКИЙ ОБЛАСТНОЙ НАУЧНО-ИССЛЕДОВАТЕЛЬСКИЙ ИНСТИТУТ АКУШЕРСТВА И ГИНЕКОЛОГИИ""",33098520
 МИНИСТЕРСТВО ЗДРАВООХРАНЕНИЯ И ДЕМОГРАФИЧЕСКОЙ ПОЛИТИКИ МАГАДАНСКОЙ ОБЛАСТИ,1817205
" Государственное учреждение здравоохранения  ""Липецкая областная клиническая инфекционная больница""",367467
" ФЕДЕРАЛЬНОЕ ГОСУДАРСТВЕННОЕ БЮДЖЕТНОЕ УЧРЕЖДЕНИЕ ""9 ЛЕЧЕБНО-ДИАГНОСТИЧЕСКИЙ ЦЕНТР"" МИНИСТЕРСТВА ОБОРОНЫ РОССИЙСКОЙ ФЕДЕРАЦИИ",89963
" АДМИНИСТРАЦИЯ МУНИЦИПАЛЬНОГО ОБРАЗОВАНИЯ ""МИРНИНСКИЙ РАЙОН"" РЕСПУБЛИКИ САХА (ЯКУТИЯ)",299997
" САНКТ-ПЕТЕРБУРГСКОЕ ГОСУДАРСТВЕННОЕ БЮДЖЕТНОЕ УЧРЕЖДЕНИЕ ЗДРАВООХРАНЕНИЯ ""ГОРОДСКАЯ ПОЛИКЛИНИКА № 4""",491856
" САНКТ-ПЕТЕРБУРГСКОЕ ГОСУДАРСТВЕННОЕ БЮДЖЕТНОЕ УЧРЕЖДЕНИЕ ЗДРАВООХРАНЕНИЯ ""ДЕТСКАЯ ГОРОДСКАЯ ПОЛИКЛИНИКА № 68""",796821
" ФЕДЕРАЛЬНОЕ КАЗЕННОЕ УЧРЕЖДЕНИЕ ЗДРАВООХРАНЕНИЯ ""РОССИЙСКИЙ НАУЧНО-ИССЛЕДОВАТЕЛЬСКИЙ ПРОТИВОЧУМНЫЙ ИНСТИТУТ ""МИКРОБ"" ФЕДЕРАЛЬНОЙ СЛУЖБЫ ПО НАДЗОРУ В СФЕРЕ ЗАЩИТЫ ПРАВ ПОТРЕБИТЕЛЕЙ И БЛАГОПОЛУЧИЯ ЧЕЛОВЕКА",1732275
 ДЕПАРТАМЕНТ ЗДРАВООХРАНЕНИЯ БРЯНСКОЙ ОБЛАСТИ,11016662
" Государственное учреждение здравоохранения  ""Липецкая областная клиническая инфекционная больница""",378997
" ФЕДЕРАЛЬНОЕ ГОСУДАРСТВЕННОЕ БЮДЖЕТНОЕ УЧРЕЖДЕНИЕ ""КОНСУЛЬТАТИВНО-ДИАГНОСТИЧЕСКИЙ ЦЕНТР С ПОЛИКЛИНИКОЙ"" УПРАВЛЕНИЯ ДЕЛАМИ ПРЕЗИДЕНТА РОССИЙСКОЙ ФЕДЕРАЦИИ",140000
" САНКТ-ПЕТЕРБУРГСКОЕ ГОСУДАРСТВЕННОЕ БЮДЖЕТНОЕ УЧРЕЖДЕНИЕ ЗДРАВООХРАНЕНИЯ ""ДЕТСКАЯ ГОРОДСКАЯ ПОЛИКЛИНИКА №29""",585000
" ОБЛАСТНОЕ ГОСУДАРСТВЕННОЕ БЮДЖЕТНОЕ УЧРЕЖДЕНИЕ ЗДРАВООХРАНЕНИЯ ""СМОЛЕНСКИЙ ОБЛАСТНОЙ ОНКОЛОГИЧЕСКИЙ КЛИНИЧЕСКИЙ ДИСПАНСЕР""",998055
" ФЕДЕРАЛЬНОЕ ГОСУДАРСТВЕННОЕ БЮДЖЕТНОЕ УЧРЕЖДЕНИЕ ""9 ЛЕЧЕБНО-ДИАГНОСТИЧЕСКИЙ ЦЕНТР"" МИНИСТЕРСТВА ОБОРОНЫ РОССИЙСКОЙ ФЕДЕРАЦИИ",129654
 ДЕПАРТАМЕНТ ЗДРАВООХРАНЕНИЯ ПРИМОРСКОГО КРАЯ,693333
" САНКТ-ПЕТЕРБУРГСКОЕ ГОСУДАРСТВЕННОЕ БЮДЖЕТНОЕ УЧРЕЖДЕНИЕ ЗДРАВООХРАНЕНИЯ ""ГОРОДСКАЯ ПОЛИКЛИНИКА №27""",193088
" ГОСУДАРСТВЕННОЕ КАЗЁННОЕ УЧРЕЖДЕНИЕ РЕСПУБЛИКИ КАРЕЛИЯ ""ЦЕНТР БУХГАЛТЕРСКОГО УЧЁТА И ОРГАНИЗАЦИИ ЗАКУПОК ПРИ МИНИСТЕРСТВЕ ЗДРАВООХРАНЕНИЯ РЕСПУБЛИКИ КАРЕЛИЯ""",2625000
 ГОСУДАРСТВЕННОЕ КАЗЕННОЕ УЧРЕЖДЕНИЕ УПРАВЛЕНИЕ МАТЕРИАЛЬНО-ТЕХНИЧЕСКОГО ОБЕСПЕЧЕНИЯ МИНИСТЕРСТВА ЗДРАВООХРАНЕНИЯ РЕСПУБЛИКИ БАШКОРТОСТАН,388107
" САНКТ-ПЕТЕРБУРГСКОЕ ГОСУДАРСТВЕННОЕ БЮДЖЕТНОЕ УЧРЕЖДЕНИЕ ЗДРАВООХРАНЕНИЯ ""ДЕТСКАЯ ГОРОДСКАЯ ПОЛИКЛИНИКА № 63""",2040000
" ГОСУДАРСТВЕННОЕ БЮДЖЕТНОЕ УЧРЕЖДЕНИЕ РЯЗАНСКОЙ ОБЛАСТИ ""ОБЛАСТНОЙ КЛИНИЧЕСКИЙ КОЖНО-ВЕНЕРОЛОГИЧЕСКИЙ ДИСПАНСЕР""",199806
" ГОСУДАРСТВЕННОЕ КАЗЕННОЕ УЧРЕЖДЕНИЕ НОВОСИБИРСКОЙ ОБЛАСТИ ""НОВОСИБОБЛФАРМ""",2367832
" ФЕДЕРАЛЬНОЕ ГОСУДАРСТВЕННОЕ БЮДЖЕТНОЕ УЧРЕЖДЕНИЕ ""9 ЛЕЧЕБНО-ДИАГНОСТИЧЕСКИЙ ЦЕНТР"" МИНИСТЕРСТВА ОБОРОНЫ РОССИЙСКОЙ ФЕДЕРАЦИИ",90539
" ФЕДЕРАЛЬНОЕ КАЗЕННОЕ УЧРЕЖДЕНИЕ ЗДРАВООХРАНЕНИЯ ""МЕДИКО-САНИТАРНАЯ ЧАСТЬ № 59 ФЕДЕРАЛЬНОЙ СЛУЖБЫ ИСПОЛНЕНИЯ НАКАЗАНИЙ""",650000
" САНКТ-ПЕТЕРБУРГСКОЕ ГОСУДАРСТВЕННОЕ БЮДЖЕТНОЕ УЧРЕЖДЕНИЕ ЗДРАВООХРАНЕНИЯ ""ДЕТСКАЯ ГОРОДСКАЯ ПОЛИКЛИНИКА № 44""",781196
" САНКТ-ПЕТЕРБУРГСКОЕ ГОСУДАРСТВЕННОЕ БЮДЖЕТНОЕ УЧРЕЖДЕНИЕ ЗДРАВООХРАНЕНИЯ ""ГОРОДСКАЯ ПОЛИКЛИНИКА № 88""",1146951
" САНКТ-ПЕТЕРБУРГСКОЕ ГОСУДАРСТВЕННОЕ БЮДЖЕТНОЕ УЧРЕЖДЕНИЕ ЗДРАВООХРАНЕНИЯ ""ГОРОДСКАЯ ПОЛИКЛИНИКА № 88""",2964908
" САНКТ-ПЕТЕРБУРГСКОЕ ГОСУДАРСТВЕННОЕ БЮДЖЕТНОЕ УЧРЕЖДЕНИЕ ЗДРАВООХРАНЕНИЯ ""ДЕТСКАЯ ГОРОДСКАЯ ПОЛИКЛИНИКА № 68""",471332
" ФЕДЕРАЛЬНОЕ ГОСУДАРСТВЕННОЕ АВТОНОМНОЕ УЧРЕЖДЕНИЕ ""НАЦИОНАЛЬНЫЙ МЕДИЦИНСКИЙ ИССЛЕДОВАТЕЛЬСКИЙ ЦЕНТР ЗДОРОВЬЯ ДЕТЕЙ"" МИНИСТЕРСТВА ЗДРАВООХРАНЕНИЯ РОССИЙСКОЙ ФЕДЕРАЦИИ",4957326
" ФЕДЕРАЛЬНОЕ ГОСУДАРСТВЕННОЕ БЮДЖЕТНОЕ УЧРЕЖДЕНИЕ ""9 ЛЕЧЕБНО-ДИАГНОСТИЧЕСКИЙ ЦЕНТР"" МИНИСТЕРСТВА ОБОРОНЫ РОССИЙСКОЙ ФЕДЕРАЦИИ",57100
" САНКТ-ПЕТЕРБУРГСКОЕ ГОСУДАРСТВЕННОЕ БЮДЖЕТНОЕ УЧРЕЖДЕНИЕ ЗДРАВООХРАНЕНИЯ ""ДЕТСКАЯ ГОРОДСКАЯ БОЛЬНИЦА № 22""",1170358
" САНКТ-ПЕТЕРБУРГСКОЕ ГОСУДАРСТВЕННОЕ БЮДЖЕТНОЕ УЧРЕЖДЕНИЕ ЗДРАВООХРАНЕНИЯ ""ГОРОДСКАЯ ПОЛИКЛИНИКА № 4""",260885
" САНКТ-ПЕТЕРБУРГСКОЕ ГОСУДАРСТВЕННОЕ БЮДЖЕТНОЕ УЧРЕЖДЕНИЕ ЗДРАВООХРАНЕНИЯ ""ГОРОДСКАЯ ПОЛИКЛИНИКА №74""",984714
" САНКТ-ПЕТЕРБУРГСКОЕ ГОСУДАРСТВЕННОЕ БЮДЖЕТНОЕ УЧРЕЖДЕНИЕ ЗДРАВООХРАНЕНИЯ ""ГОРОДСКАЯ ПОЛИКЛИНИКА №27""",3495466
" САНКТ-ПЕТЕРБУРГСКОЕ ГОСУДАРСТВЕННОЕ БЮДЖЕТНОЕ УЧРЕЖДЕНИЕ ЗДРАВООХРАНЕНИЯ ""ГОРОДСКАЯ ПОЛИКЛИНИКА № 43""",2808856
" САНКТ-ПЕТЕРБУРГСКОЕ ГОСУДАРСТВЕННОЕ БЮДЖЕТНОЕ УЧРЕЖДЕНИЕ ЗДРАВООХРАНЕНИЯ ""ДЕТСКАЯ ГОРОДСКАЯ ПОЛИКЛИНИКА № 49"" ПУШКИНСКОГО РАЙОНА",234150
" САНКТ-ПЕТЕРБУРГСКОЕ ГОСУДАРСТВЕННОЕ БЮДЖЕТНОЕ УЧРЕЖДЕНИЕ ЗДРАВООХРАНЕНИЯ ""ДЕТСКАЯ ГОРОДСКАЯ БОЛЬНИЦА № 22""",491550
 МИНИСТЕРСТВО ЗДРАВООХРАНЕНИЯ СВЕРДЛОВСКОЙ ОБЛАСТИ,21903323
 МИНИСТЕРСТВО ЗДРАВООХРАНЕНИЯ НИЖЕГОРОДСКОЙ ОБЛАСТИ,777480
 МИНИСТЕРСТВО ЗДРАВООХРАНЕНИЯ НИЖЕГОРОДСКОЙ ОБЛАСТИ,683430
 МИНИСТЕРСТВО ЗДРАВООХРАНЕНИЯ НИЖЕГОРОДСКОЙ ОБЛАСТИ,877800
 МИНИСТЕРСТВО ЗДРАВООХРАНЕНИЯ ТУЛЬСКОЙ ОБЛАСТИ,2122611
 ДЕПАРТАМЕНТ ЗДРАВООХРАНЕНИЯ БРЯНСКОЙ ОБЛАСТИ,6242202
" САНКТ-ПЕТЕРБУРГСКОЕ ГОСУДАРСТВЕННОЕ БЮДЖЕТНОЕ УЧРЕЖДЕНИЕ ЗДРАВООХРАНЕНИЯ ""ГОРОДСКАЯ ПОЛИКЛИНИКА №27""",4928135
" ГОСУДАРСТВЕННОЕ БЮДЖЕТНОЕ УЧРЕЖДЕНИЕ ЗДРАВООХРАНЕНИЯ МОСКОВСКОЙ ОБЛАСТИ ""МОСКОВСКИЙ ОБЛАСТНОЙ НАУЧНО-ИССЛЕДОВАТЕЛЬСКИЙ ИНСТИТУТ АКУШЕРСТВА И ГИНЕКОЛОГИИ""",31193352
 МИНИСТЕРСТВО ЗДРАВООХРАНЕНИЯ И ДЕМОГРАФИЧЕСКОЙ ПОЛИТИКИ МАГАДАНСКОЙ ОБЛАСТИ,3532953
 ПЕРМСКАЯ ТАМОЖНЯ,52110
 ДЕПАРТАМЕНТ ЗДРАВООХРАНЕНИЯ ПРИМОРСКОГО КРАЯ,699996
" САНКТ-ПЕТЕРБУРГСКОЕ ГОСУДАРСТВЕННОЕ БЮДЖЕТНОЕ УЧРЕЖДЕНИЕ ЗДРАВООХРАНЕНИЯ ""ГОРОДСКАЯ ПОЛИКЛИНИКА № 43""",878339
" САНКТ-ПЕТЕРБУРГСКОЕ ГОСУДАРСТВЕННОЕ БЮДЖЕТНОЕ УЧРЕЖДЕНИЕ ЗДРАВООХРАНЕНИЯ ""ДЕТСКАЯ ГОРОДСКАЯ ПОЛИКЛИНИКА № 11""",53094
" САНКТ-ПЕТЕРБУРГСКОЕ ГОСУДАРСТВЕННОЕ БЮДЖЕТНОЕ УЧРЕЖДЕНИЕ ЗДРАВООХРАНЕНИЯ ""ЖЕНСКАЯ КОНСУЛЬТАЦИЯ №22""",179998
 МИНИСТЕРСТВО ЗДРАВООХРАНЕНИЯ ОРЕНБУРГСКОЙ ОБЛАСТИ,2990750
" АДМИНИСТРАЦИЯ МУНИЦИПАЛЬНОГО ОБРАЗОВАНИЯ ""МИРНИНСКИЙ РАЙОН"" РЕСПУБЛИКИ САХА (ЯКУТИЯ)",162440
" САНКТ-ПЕТЕРБУРГСКОЕ ГОСУДАРСТВЕННОЕ БЮДЖЕТНОЕ УЧРЕЖДЕНИЕ ЗДРАВООХРАНЕНИЯ ""КОНСУЛЬТАТИВНО-ДИАГНОСТИЧЕСКАЯ ПОЛИКЛИНИКА № 1 ПРИМОРСКОГО РАЙОНА""",1110024
" САНКТ-ПЕТЕРБУРГСКОЕ ГОСУДАРСТВЕННОЕ БЮДЖЕТНОЕ УЧРЕЖДЕНИЕ ЗДРАВООХРАНЕНИЯ ""ДЕТСКАЯ ГОРОДСКАЯ БОЛЬНИЦА №1""",714851
" САНКТ-ПЕТЕРБУРГСКОЕ ГОСУДАРСТВЕННОЕ БЮДЖЕТНОЕ УЧРЕЖДЕНИЕ ЗДРАВООХРАНЕНИЯ ""ГОРОДСКАЯ ПОЛИКЛИНИКА № 86""",234000
" САНКТ-ПЕТЕРБУРГСКОЕ ГОСУДАРСТВЕННОЕ БЮДЖЕТНОЕ УЧРЕЖДЕНИЕ ЗДРАВООХРАНЕНИЯ  ""ГОРОДСКАЯ ПОЛИКЛИНИКА № 118""",7800
" САНКТ-ПЕТЕРБУРГСКОЕ ГОСУДАРСТВЕННОЕ БЮДЖЕТНОЕ УЧРЕЖДЕНИЕ ЗДРАВООХРАНЕНИЯ ""ДЕТСКАЯ ГОРОДСКАЯ ПОЛИКЛИНИКА № 44""",197400
" САНКТ-ПЕТЕРБУРГСКОЕ ГОСУДАРСТВЕННОЕ БЮДЖЕТНОЕ УЧРЕЖДЕНИЕ ЗДРАВООХРАНЕНИЯ ""ДЕТСКАЯ ГОРОДСКАЯ БОЛЬНИЦА № 22""",589668
" ФЕДЕРАЛЬНОЕ БЮДЖЕТНОЕ УЧРЕЖДЕНИЕ ЗДРАВООХРАНЕНИЯ ""ЦЕНТР ГИГИЕНЫ И ЭПИДЕМИОЛОГИИ В ИВАНОВСКОЙ ОБЛАСТИ""",5076406
" САНКТ-ПЕТЕРБУРГСКОЕ ГОСУДАРСТВЕННОЕ БЮДЖЕТНОЕ УЧРЕЖДЕНИЕ ЗДРАВООХРАНЕНИЯ ""ДЕТСКАЯ ГОРОДСКАЯ ПОЛИКЛИНИКА № 44""",595571
" ГОСУДАРСТВЕННОЕ БЮДЖЕТНОЕ УЧРЕЖДЕНИЕ ЗДРАВООХРАНЕНИЯ НОВОСИБИРСКОЙ ОБЛАСТИ ""ВЕНГЕРОВСКАЯ ЦЕНТРАЛЬНАЯ РАЙОННАЯ БОЛЬНИЦА""",147000
" САНКТ-ПЕТЕРБУРГСКОЕ ГОСУДАРСТВЕННОЕ БЮДЖЕТНОЕ УЧРЕЖДЕНИЕ ЗДРАВООХРАНЕНИЯ ""ГОРОДСКАЯ ПОЛИКЛИНИКА № 4""",262196
" САНКТ-ПЕТЕРБУРГСКОЕ ГОСУДАРСТВЕННОЕ БЮДЖЕТНОЕ УЧРЕЖДЕНИЕ ЗДРАВООХРАНЕНИЯ ""ДЕТСКАЯ ГОРОДСКАЯ БОЛЬНИЦА №1""",343825
" САНКТ-ПЕТЕРБУРГСКОЕ ГОСУДАРСТВЕННОЕ БЮДЖЕТНОЕ УЧРЕЖДЕНИЕ ЗДРАВООХРАНЕНИЯ ""ГОРОДСКАЯ ПОЛИКЛИНИКА №74""",712021
" САНКТ-ПЕТЕРБУРГСКОЕ ГОСУДАРСТВЕННОЕ БЮДЖЕТНОЕ УЧРЕЖДЕНИЕ ЗДРАВООХРАНЕНИЯ ""ДЕТСКАЯ ГОРОДСКАЯ ПОЛИКЛИНИКА № 19""",357373
 ГОСУДАРСТВЕННОЕ КАЗЕННОЕ УЧРЕЖДЕНИЕ УПРАВЛЕНИЕ МАТЕРИАЛЬНО-ТЕХНИЧЕСКОГО ОБЕСПЕЧЕНИЯ МИНИСТЕРСТВА ЗДРАВООХРАНЕНИЯ РЕСПУБЛИКИ БАШКОРТОСТАН,2358461
" ФЕДЕРАЛЬНОЕ БЮДЖЕТНОЕ УЧРЕЖДЕНИЕ ЗДРАВООХРАНЕНИЯ ""ЦЕНТР ГИГИЕНЫ И ЭПИДЕМИОЛОГИИ В САХАЛИНСКОЙ ОБЛАСТИ""",949880
" ГОСУДАРСТВЕННОЕ БЮДЖЕТНОЕ УЧРЕЖДЕНИЕ ЗДРАВООХРАНЕНИЯ МОСКОВСКОЙ ОБЛАСТИ ""МОСКОВСКИЙ ОБЛАСТНОЙ НАУЧНО-ИССЛЕДОВАТЕЛЬСКИЙ ИНСТИТУТ АКУШЕРСТВА И ГИНЕКОЛОГИИ""",30589610
 МИНИСТЕРСТВО ЗДРАВООХРАНЕНИЯ РЕСПУБЛИКИ АЛТАЙ,5434664
 МИНИСТЕРСТВО ЗДРАВООХРАНЕНИЯ СВЕРДЛОВСКОЙ ОБЛАСТИ,1599972
 МИНИСТЕРСТВО ЗДРАВООХРАНЕНИЯ ОРЕНБУРГСКОЙ ОБЛАСТИ,1782000
" ОБЛАСТНОЕ ГОСУДАРСТВЕННОЕ БЮДЖЕТНОЕ УЧРЕЖДЕНИЕ ЗДРАВООХРАНЕНИЯ ""СМОЛЕНСКИЙ ОБЛАСТНОЙ ОНКОЛОГИЧЕСКИЙ КЛИНИЧЕСКИЙ ДИСПАНСЕР""",504947
 МИНИСТЕРСТВО ЗДРАВООХРАНЕНИЯ САХАЛИНСКОЙ ОБЛАСТИ,13559511
" ГОСУДАРСТВЕННОЕ БЮДЖЕТНОЕ УЧРЕЖДЕНИЕ ЗДРАВООХРАНЕНИЯ НЕНЕЦКОГО АВТОНОМНОГО ОКРУГА ""НЕНЕЦКАЯ ОКРУЖНАЯ БОЛЬНИЦА""",176190
" ОБЛАСТНОЕ ГОСУДАРСТВЕННОЕ БЮДЖЕТНОЕ УЧРЕЖДЕНИЕ ЗДРАВООХРАНЕНИЯ ""СМОЛЕНСКИЙ ОБЛАСТНОЙ ОНКОЛОГИЧЕСКИЙ КЛИНИЧЕСКИЙ ДИСПАНСЕР""",494323
" ФЕДЕРАЛЬНОЕ БЮДЖЕТНОЕ УЧРЕЖДЕНИЕ ЗДРАВООХРАНЕНИЯ ""ЦЕНТР ГИГИЕНЫ И ЭПИДЕМИОЛОГИИ В ИВАНОВСКОЙ ОБЛАСТИ""",1970000
" ФЕДЕРАЛЬНОЕ КАЗЁННОЕ УЧРЕЖДЕНИЕ ЗДРАВООХРАНЕНИЯ ""РОСТОВСКИЙ-НА-ДОНУ ОРДЕНА ТРУДОВОГО КРАСНОГО ЗНАМЕНИ НАУЧНО-ИССЛЕДОВАТЕЛЬСКИЙ ПРОТИВОЧУМНЫЙ ИНСТИТУТ"" ФЕДЕРАЛЬНОЙ СЛУЖБЫ ПО НАДЗОРУ В СФЕРЕ ЗАЩИТЫ ПРАВ ПОТРЕБИТЕЛЕЙ И БЛАГОПОЛУЧИЯ ЧЕЛОВЕКА",2994568
" САНКТ-ПЕТЕРБУРГСКОЕ ГОСУДАРСТВЕННОЕ БЮДЖЕТНОЕ УЧРЕЖДЕНИЕ ЗДРАВООХРАНЕНИЯ ""ДЕТСКАЯ ГОРОДСКАЯ ПОЛИКЛИНИКА № 44""",751095
 ГОСУДАРСТВЕННОЕ КАЗЕННОЕ УЧРЕЖДЕНИЕ УПРАВЛЕНИЕ МАТЕРИАЛЬНО-ТЕХНИЧЕСКОГО ОБЕСПЕЧЕНИЯ МИНИСТЕРСТВА ЗДРАВООХРАНЕНИЯ РЕСПУБЛИКИ БАШКОРТОСТАН,3430894
" МУНИЦИПАЛЬНОЕ БЮДЖЕТНОЕ УЧРЕЖДЕНИЕ ЗДРАВООХРАНЕНИЯ ""ГОРОДСКАЯ БОЛЬНИЦА №1 ИМ. Н.А. СЕМАШКО ГОРОДА РОСТОВА-НА-ДОНУ""",1588436
" МУНИЦИПАЛЬНОЕ БЮДЖЕТНОЕ УЧРЕЖДЕНИЕ ЗДРАВООХРАНЕНИЯ ""ГОРОДСКАЯ БОЛЬНИЦА №1 ИМ. Н.А. СЕМАШКО ГОРОДА РОСТОВА-НА-ДОНУ""",1434008
" ФЕДЕРАЛЬНОЕ ГОСУДАРСТВЕННОЕ БЮДЖЕТНОЕ УЧРЕЖДЕНИЕ ""ФЕДЕРАЛЬНЫЙ СИБИРСКИЙ НАУЧНО-КЛИНИЧЕСКИЙ ЦЕНТР ФЕДЕРАЛЬНОГО МЕДИКО-БИОЛОГИЧЕСКОГО АГЕНТСТВА""",38142757
" ГОСУДАРСТВЕННОЕ БЮДЖЕТНОЕ УЧРЕЖДЕНИЕ ЗДРАВООХРАНЕНИЯ НОВОСИБИРСКОЙ ОБЛАСТИ ""ГОСУДАРСТВЕННАЯ НОВОСИБИРСКАЯ ОБЛАСТНАЯ  КЛИНИЧЕСКАЯ БОЛЬНИЦА""",2486500
" ФЕДЕРАЛЬНОЕ ГОСУДАРСТВЕННОЕ БЮДЖЕТНОЕ УЧРЕЖДЕНИЕ ""НАУЧНЫЙ ЦЕНТР АКУШЕРСТВА, ГИНЕКОЛОГИИ И ПЕРИНАТОЛОГИИ ИМЕНИ АКАДЕМИКА В.И. КУЛАКОВА"" МИНИСТЕРСТВА ЗДРАВООХРАНЕНИЯ РОССИЙСКОЙ ФЕДЕРАЦИИ",398930
" ФЕДЕРАЛЬНОЕ КАЗЁННОЕ УЧРЕЖДЕНИЕ ЗДРАВООХРАНЕНИЯ ""РОСТОВСКИЙ-НА-ДОНУ ОРДЕНА ТРУДОВОГО КРАСНОГО ЗНАМЕНИ НАУЧНО-ИССЛЕДОВАТЕЛЬСКИЙ ПРОТИВОЧУМНЫЙ ИНСТИТУТ"" ФЕДЕРАЛЬНОЙ СЛУЖБЫ ПО НАДЗОРУ В СФЕРЕ ЗАЩИТЫ ПРАВ ПОТРЕБИТЕЛЕЙ И БЛАГОПОЛУЧИЯ ЧЕЛОВЕКА",1790255
" Бюджетное учреждение здравоохранения Республики Алтай ""Кош-Агачская районная больница""",485478
" БЮДЖЕТНОЕ УЧРЕЖДЕНИЕ ЗДРАВООХРАНЕНИЯ РЕСПУБЛИКИ АЛТАЙ ""ЧОЙСКАЯ РАЙОННАЯ БОЛЬНИЦА""",194191
" БЮДЖЕТНОЕ УЧРЕЖДЕНИЕ ЗДРАВООХРАНЕНИЯ РЕСПУБЛИКИ АЛТАЙ ""ОНГУДАЙСКАЯ РАЙОННАЯ БОЛЬНИЦА""",485478
" БЮДЖЕТНОЕ УЧРЕЖДЕНИЕ ЗДРАВООХРАНЕНИЯ РЕСПУБЛИКИ АЛТАЙ ""УСТЬ-КОКСИНСКАЯ РАЙОННАЯ БОЛЬНИЦА""",145643
" БЮДЖЕТНОЕ УЧРЕЖДЕНИЕ ЗДРАВООХРАНЕНИЯ РЕСПУБЛИКИ АЛТАЙ ""ЧЕМАЛЬСКАЯ РАЙОННАЯ БОЛЬНИЦА""",291286
" БЮДЖЕТНОЕ УЧРЕЖДЕНИЕ ЗДРАВООХРАНЕНИЯ РЕСПУБЛИКИ АЛТАЙ ""ТУРОЧАКСКАЯ РАЙОННАЯ БОЛЬНИЦА""",194191
" БЮДЖЕТНОЕ УЧРЕЖДЕНИЕ ЗДРАВООХРАНЕНИЯ РЕСПУБЛИКИ АЛТАЙ  ""ШЕБАЛИНСКАЯ РАЙОННАЯ БОЛЬНИЦА""",97095
" БЮДЖЕТНОЕ УЧРЕЖДЕНИЕ ЗДРАВООХРАНЕНИЯ РЕСПУБЛИКИ АЛТАЙ ""МАЙМИНСКАЯ РАЙОННАЯ БОЛЬНИЦА""",291286
" Бюджетное учреждение здравоохранения Республики Алтай ""Усть-Канская  районная больница""",97095
" САНКТ-ПЕТЕРБУРГСКОЕ ГОСУДАРСТВЕННОЕ БЮДЖЕТНОЕ УЧРЕЖДЕНИЕ ЗДРАВООХРАНЕНИЯ ""ГОРОДСКАЯ ПОЛИКЛИНИКА № 112""",93594
" БЮДЖЕТНОЕ УЧРЕЖДЕНИЕ ЗДРАВООХРАНЕНИЯ ОРЛОВСКОЙ ОБЛАСТИ ""ДЕТСКАЯ ПОЛИКЛИНИКА № 1""",70430
 МИНИСТЕРСТВО ЗДРАВООХРАНЕНИЯ ТВЕРСКОЙ ОБЛАСТИ,592824
" ФЕДЕРАЛЬНОЕ ГОСУДАРСТВЕННОЕ БЮДЖЕТНОЕ УЧРЕЖДЕНИЕ ""ФЕДЕРАЛЬНЫЙ СИБИРСКИЙ НАУЧНО-КЛИНИЧЕСКИЙ ЦЕНТР ФЕДЕРАЛЬНОГО МЕДИКО-БИОЛОГИЧЕСКОГО АГЕНТСТВА""",17423056
" САНКТ-ПЕТЕРБУРГСКОЕ ГОСУДАРСТВЕННОЕ КАЗЕННОЕ УЧРЕЖДЕНИЕ ЗДРАВООХРАНЕНИЯ ""СПЕЦИАЛИЗИРОВАННЫЙ ДОМ РЕБЕНКА №3 (ПСИХОНЕВРОЛОГИЧЕСКИЙ) ФРУНЗЕНСКОГО РАЙОНА""",43456
" ГОСУДАРСТВЕННОЕ БЮДЖЕТНОЕ УЧРЕЖДЕНИЕ ЗДРАВООХРАНЕНИЯ ""КАМЧАТСКИЙ КРАЕВОЙ ЦЕНТР ПО ПРОФИЛАКТИКЕ И БОРЬБЕ СО СПИД И ИНФЕКЦИОННЫМИ ЗАБОЛЕВАНИЯМИ""",6688416
" ГОСУДАРСТВЕННОЕ БЮДЖЕТНОЕ УЧРЕЖДЕНИЕ ЗДРАВООХРАНЕНИЯ НЕНЕЦКОГО АВТОНОМНОГО ОКРУГА ""НЕНЕЦКАЯ ОКРУЖНАЯ БОЛЬНИЦА""",3712736
" ГОСУДАРСТВЕННОЕ БЮДЖЕТНОЕ УЧРЕЖДЕНИЕ ЗДРАВООХРАНЕНИЯ ЯМАЛО-НЕНЕЦКОГО АВТОНОМНОГО ОКРУГА ""ЯР-САЛИНСКАЯ ЦЕНТРАЛЬНАЯ РАЙОННАЯ БОЛЬНИЦА""",223401
" САНКТ-ПЕТЕРБУРГСКОЕ ГОСУДАРСТВЕННОЕ БЮДЖЕТНОЕ УЧРЕЖДЕНИЕ ЗДРАВООХРАНЕНИЯ ""ГОРОДСКАЯ ПОЛИКЛИНИКА №74""",525197
" БЮДЖЕТНОЕ УЧРЕЖДЕНИЕ ЗДРАВООХРАНЕНИЯ ОРЛОВСКОЙ ОБЛАСТИ ""ДЕТСКАЯ ПОЛИКЛИНИКА № 1""",78321
" ОБЛАСТНОЕ ГОСУДАРСТВЕННОЕ БЮДЖЕТНОЕ УЧРЕЖДЕНИЕ ЗДРАВООХРАНЕНИЯ ""СМОЛЕНСКИЙ ОБЛАСТНОЙ ОНКОЛОГИЧЕСКИЙ КЛИНИЧЕСКИЙ ДИСПАНСЕР""",855739
 ГОСУДАРСТВЕННОЕ КАЗЕННОЕ УЧРЕЖДЕНИЕ УПРАВЛЕНИЕ МАТЕРИАЛЬНО-ТЕХНИЧЕСКОГО ОБЕСПЕЧЕНИЯ МИНИСТЕРСТВА ЗДРАВООХРАНЕНИЯ РЕСПУБЛИКИ БАШКОРТОСТАН,4998498
" ФЕДЕРАЛЬНОЕ КАЗЁННОЕ УЧРЕЖДЕНИЕ ЗДРАВООХРАНЕНИЯ ""РОСТОВСКИЙ-НА-ДОНУ ОРДЕНА ТРУДОВОГО КРАСНОГО ЗНАМЕНИ НАУЧНО-ИССЛЕДОВАТЕЛЬСКИЙ ПРОТИВОЧУМНЫЙ ИНСТИТУТ"" ФЕДЕРАЛЬНОЙ СЛУЖБЫ ПО НАДЗОРУ В СФЕРЕ ЗАЩИТЫ ПРАВ ПОТРЕБИТЕЛЕЙ И БЛАГОПОЛУЧИЯ ЧЕЛОВЕКА",1680790
" САНКТ-ПЕТЕРБУРГСКОЕ ГОСУДАРСТВЕННОЕ БЮДЖЕТНОЕ УЧРЕЖДЕНИЕ ЗДРАВООХРАНЕНИЯ ""ГОРОДСКАЯ ПОЛИКЛИНИКА № 91""",940950
" ГОСУДАРСТВЕННОЕ БЮДЖЕТНОЕ УЧРЕЖДЕНИЕ ЗДРАВООХРАНЕНИЯ ""НАУЧНО-ИССЛЕДОВАТЕЛЬСКИЙ ИНСТИТУТ - КРАЕВАЯ КЛИНИЧЕСКАЯ БОЛЬНИЦА № 1 ИМЕНИ ПРОФЕССОРА С.В.ОЧАПОВСКОГО"" МИНИСТЕРСТВА ЗДРАВООХРАНЕНИЯ КРАСНОДАРСКОГО КРАЯ",7504810
" бюджетное учреждение здравоохранения Орловской области ""Мценская центральная районная больница""",73115
" БЮДЖЕТНОЕ УЧРЕЖДЕНИЕ ЗДРАВООХРАНЕНИЯ ОРЛОВСКОЙ ОБЛАСТИ ""ДЕТСКАЯ ПОЛИКЛИНИКА № 1""",58492
" БЮДЖЕТНОЕ УЧРЕЖДЕНИЕ ЗДРАВООХРАНЕНИЯ ОРЛОВСКОЙ ОБЛАСТИ ""ГОРОДСКАЯ БОЛЬНИЦА ИМ. С. П. БОТКИНА""",73115
" БЮДЖЕТНОЕ УЧРЕЖДЕНИЕ ЗДРАВООХРАНЕНИЯ  ОРЛОВСКОЙ ОБЛАСТИ ""ДОЛЖАНСКАЯ ЦЕНТРАЛЬНАЯ РАЙОННАЯ БОЛЬНИЦА""",24371
 ДЕПАРТАМЕНТ СОЦИАЛЬНОЙ ПОЛИТИКИ ЧУКОТСКОГО АВТОНОМНОГО ОКРУГА,810117
" ГОСУДАРСТВЕННОЕ БЮДЖЕТНОЕ УЧРЕЖДЕНИЕ ЗДРАВООХРАНЕНИЯ СВЕРДЛОВСКОЙ ОБЛАСТИ ""ГОРОДСКАЯ БОЛЬНИЦА № 1 ГОРОД ПЕРВОУРАЛЬСК""",121245
" ГОСУДАРСТВЕННОЕ БЮДЖЕТНОЕ УЧРЕЖДЕНИЕ ЗДРАВООХРАНЕНИЯ ""ТАРБАГАТАЙСКАЯ ЦЕНТРАЛЬНАЯ РАЙОННАЯ БОЛЬНИЦА""",378125
" БЮДЖЕТНОЕ УЧРЕЖДЕНИЕ ЗДРАВООХРАНЕНИЯ РЕСПУБЛИКИ АЛТАЙ ""ТУРОЧАКСКАЯ РАЙОННАЯ БОЛЬНИЦА""",331644
" БЮДЖЕТНОЕ УЧРЕЖДЕНИЕ ЗДРАВООХРАНЕНИЯ РЕСПУБЛИКИ АЛТАЙ ""ОНГУДАЙСКАЯ РАЙОННАЯ БОЛЬНИЦА""",414555
" БЮДЖЕТНОЕ УЧРЕЖДЕНИЕ ЗДРАВООХРАНЕНИЯ РЕСПУБЛИКИ АЛТАЙ ""ЧОЙСКАЯ РАЙОННАЯ БОЛЬНИЦА""",290189
" Бюджетное учреждение здравоохранения Республики Алтай ""Кош-Агачская районная больница""",580378
" БЮДЖЕТНОЕ УЧРЕЖДЕНИЕ ЗДРАВООХРАНЕНИЯ РЕСПУБЛИКИ АЛТАЙ "" УСТЬ-КАНСКАЯ РАЙОННАЯ БОЛЬНИЦА""",497466
" БЮДЖЕТНОЕ УЧРЕЖДЕНИЕ ЗДРАВООХРАНЕНИЯ РЕСПУБЛИКИ АЛТАЙ ""МАЙМИНСКАЯ РАЙОННАЯ БОЛЬНИЦА""",663289
" БЮДЖЕТНОЕ УЧРЕЖДЕНИЕ ЗДРАВООХРАНЕНИЯ РЕСПУБЛИКИ АЛТАЙ ""РЕСПУБЛИКАНСКАЯ ДЕТСКАЯ БОЛЬНИЦА""",2155686
 МИНИСТЕРСТВО ЗДРАВООХРАНЕНИЯ РЕСПУБЛИКИ ТЫВА,270720
" САНКТ-ПЕТЕРБУРГСКОЕ ГОСУДАРСТВЕННОЕ БЮДЖЕТНОЕ УЧРЕЖДЕНИЕ ЗДРАВООХРАНЕНИЯ ""ДЕТСКАЯ ГОРОДСКАЯ ПОЛИКЛИНИКА № 63""",849942
" областное государственное бюджетное учреждение здравоохранения ""Смоленский областной онкологический клинический диспансер""",801760
" КРАЕВОЕ ГОСУДАРСТВЕННОЕ БЮДЖЕТНОЕ УЧРЕЖДЕНИЕ ЗДРАВООХРАНЕНИЯ ""КРАСНОЯРСКИЙ КРАЕВОЙ ЦЕНТР ПРОФИЛАКТИКИ И БОРЬБЫ СО СПИД""",2802500
" ФЕДЕРАЛЬНОЕ КАЗЁННОЕ УЧРЕЖДЕНИЕ ЗДРАВООХРАНЕНИЯ ""РОСТОВСКИЙ-НА-ДОНУ ОРДЕНА ТРУДОВОГО КРАСНОГО ЗНАМЕНИ НАУЧНО-ИССЛЕДОВАТЕЛЬСКИЙ ПРОТИВОЧУМНЫЙ ИНСТИТУТ"" ФЕДЕРАЛЬНОЙ СЛУЖБЫ ПО НАДЗОРУ В СФЕРЕ ЗАЩИТЫ ПРАВ ПОТРЕБИТЕЛЕЙ И БЛАГОПОЛУЧИЯ ЧЕЛОВЕКА",1092243
" ФЕДЕРАЛЬНОЕ ГОСУДАРСТВЕННОЕ БЮДЖЕТНОЕ НАУЧНОЕ УЧРЕЖДЕНИЕ ""НАУЧНЫЙ ЦЕНТР ЗДОРОВЬЯ ДЕТЕЙ""",650000
" ГОСУДАРСТВЕННОЕ БЮДЖЕТНОЕ УЧРЕЖДЕНИЕ ЗДРАВООХРАНЕНИЯ ""САМАРСКАЯ ОБЛАСТНАЯ КЛИНИЧЕСКАЯ БОЛЬНИЦА ИМ. В.Д.СЕРЕДАВИНА""",985249
 ГОСУДАРСТВЕННОЕ КАЗЕННОЕ УЧРЕЖДЕНИЕ МАТЕРИАЛЬНО-ТЕХНИЧЕСКОГО ОБЕСПЕЧЕНИЯ МИНИСТЕРСТВА ЗДРАВООХРАНЕНИЯ РЕСПУБЛИКИ БАШКОРТОСТАН,2692735
" САНКТ-ПЕТЕРБУРГСКОЕ ГОСУДАРСТВЕННОЕ БЮДЖЕТНОЕ УЧРЕЖДЕНИЕ ЗДРАВООХРАНЕНИЯ ""ГОРОДСКАЯ ПОЛИКЛИНИКА № 54""",826999
" Филиал № 1 Федерального бюджетного учреждения здравоохранения ""Лечебно-реабилитационный центр Министерства экономического развития Российской Федерации""",592767
" Федеральное государственное бюджетное учреждение здравоохранения ""Сибирский клинический центр Федерального медико-биологического агентства""",13144736
" Санкт-Петербургское государственное бюджетное учреждение здравоохранения ""Городская поликлиника № 106""",347315
" Санкт-Петербургское государственное бюджетное учреждение здравоохранения ""Детская городская поликлиника № 67""",2019664
 государственное казенное учреждение Управление материально-технического обеспечения Министерства здравоохранения Республики Башкортостан,5656250
" государственное бюджетное учреждение здравоохранения Камчатского края ""Петропавловск-Камчатская городская больница № 2""",958500
" государственное бюджетное учреждение здравоохранения Свердловской области ""Городская больница № 1 город Первоуральск""",308327
 Министерство здравоохранения Республики Алтай,2029925
" Санкт-Петербургское государственное бюджетное учреждение здравоохранения ""Городская поликлиника № 54""",5962395
" Муниципальное бюджетное учреждение здравоохранения ""Детская городская поликлиника №2""",515294
" государственное учреждение здравоохранения ""Городская детская поликлиника № 5""",55981
" государственное бюджетное учреждение здравоохранения Московской области ""Московский областной научно-исследовательский институт акушерства и гинекологии""",62380198
" Санкт-Петербургское государственное бюджетное учреждение здравоохранения ""Детская городская поликлиника № 67""",6397380
" Санкт-Петербургское государственное бюджетное учреждение здравоохранения ""Детская городская поликлиника № 67""",4490459
 департамент здравоохранения Приморского края,600000
" федеральное государственное бюджетное учреждение ""Федеральный медицинский исследовательский центр имени В.А. Алмазова"" Министерства здравоохранения Российской Федерации",1261403
" Санкт-Петербургское государственное бюджетное учреждение здравоохранения ""Детская городская поликлиника № 49"" Пушкинского района",16200000
" Санкт-Петербургское государственное бюджетное учреждение здравоохранения ""Детская городская поликлиника № 49"" Пушкинского района",1806634
" бюджетное учреждение здравоохранения Орловской области ""Детская поликлиника № 1""",355465
" Санкт-Петербургское государственное бюджетное учреждение здравоохранения ""Городская поликлиника № 54""",12389426
 Департамент здравоохранения и фармации Ярославской области,237844
" Муниципальное бюджетное учреждение здравоохранения ""Детская городская поликлиника №1""",418019
" государственное бюджетное учреждение здравоохранения Новосибирской области ""Бердская центральная городская больница""",369744
" Федеральное бюджетное учреждение здравоохранения ""Центр гигиены и эпидемиологии в Кировской области""",2427690
" бюджетное учреждение здравоохранения Омской области ""Центр по профилактике и борьбе со СПИД и инфекционными заболеваниями""",1367704
 Администрация города Ачинска,2390000
" бюджетное учреждение здравоохранения Удмуртской Республики ""Первая республиканская клиническая больница Министерства здравоохранения Удмуртской Республики""",171270
 Министерство здравоохранения Свердловской области,6405000
" Бюджетное учреждение Ханты-Мансийского автономного округа - Югры ""Няганская окружная больница""",59374382
" Санкт-Петербургское государственное бюджетное учреждение здравоохранения ""Городская поликлиника № 54""",13707412
" Санкт-Петербургское государственное бюджетное учреждение здравоохранения ""Городская поликлиника № 106""",9885379
" Санкт-Петербургское государственное бюджетное учреждение здравоохранения ""Городская поликлиника № 112""",136400
" Федеральное государственное бюджетное учреждение здравоохранения ""Головной центр гигиены и эпидемиологии Федерального медико-биологического агентства""",422240
" Федеральное бюджетное учреждение здравоохранения ""Центр гигиены и эпидемиологии в Тюменской области""",3188933
 Министерство здравоохранения Свердловской области,2977537
 Министерство здравоохранения Свердловской области,2528295
" государственное бюджетное учреждение здравоохранения ""Специализированная клиническая инфекционная больница"" министерства здравоохранения Краснодарского края",300000
" государственное бюджетное учреждение здравоохранения ""Специализированная клиническая инфекционная больница"" министерства здравоохранения Краснодарского края",224295
 Департамент здравоохранения Ханты-Мансийского автономного округа - Югры,55995349
" Государственное бюджетное учреждение здравоохранения Республики Коми ""Усинская центральная районная больница""",453923
" краевое государственное бюджетное учреждение здравоохранения ""Красноярский краевой Центр профилактики и борьбы со СПИД""",508397
" Санкт-Петербургское государственное бюджетное учреждение здравоохранения ""Городская поликлиника № 112""",55800
" Санкт-Петербургское государственное бюджетное учреждение здравоохранения ""Детская городская поликлиника № 11""",901504
" Санкт-Петербургское государственное бюджетное учреждение здравоохранения ""Детская городская поликлиника № 7""",901504
" Санкт-Петербургское государственное бюджетное учреждение здравоохранения ""Детская городская поликлиника № 17""",901504
 Министерство здравоохранения Тверской области,523648
" бюджетное учреждение здравоохранения Омской области ""Областная детская клиническая больница""",424432
" Санкт-Петербургское государственное бюджетное учреждение здравоохранения ""Детская городская больница № 22""",5018249
" Федеральное государственное бюджетное учреждение ""Научно-исследовательский институт вакцин и сывороток им. И.И. Мечникова"" Российской академии медицинских наук",1506150
 Департамент здравоохранения и фармации Ярославской области,428107
" Санкт-Петербургское государственное бюджетное учреждение здравоохранения ""Детская городская поликлиника № 67""",452492
" Санкт-Петербургское государственное бюджетное учреждение здравоохранения ""Детская городская поликлиника № 49"" Пушкинского района",711223
" Санкт-Петербургское государственное бюджетное учреждение здравоохранения ""Детская городская поликлиника № 67""",524586
" Санкт-Петербургское государственное бюджетное учреждение здравоохранения ""Детская городская поликлиника № 49"" Пушкинского района",2485380
 Министерство промышленности и торговли Российской Федерации,149850000
" Муниципальное бюджетное учреждение здравоохранения ""Детская городская больница города Норильска""",1556616
" федеральное государственное бюджетное учреждение ""Научный центр акушерства, гинекологии и перинатологии имени академика В.И. Кулакова"" Министерства здравоохранения Российской Федерации",945565
" Санкт-Петербургское государственное бюджетное учреждение здравоохранения ""Городская поликлиника № 54""",5619326
" Государственное бюджетное учреждение здравоохранения ""Городская больница № 4""",1745628
" Санкт-Петербургское государственное бюджетное учреждение здравоохранения ""Городская поликлиника № 106""",1207760
" Санкт-Петербургское государственное бюджетное учреждение здравоохранения ""Городская поликлиника № 106""",489885
" государственное бюджетное учреждение здравоохранения Московской области ""Московский областной научно-исследовательский институт акушерства и гинекологии""",58792407
" бюджетное учреждение здравоохранения Орловской области ""Детская поликлиника № 1""",48490
" Краевое государственное бюджетное учреждение здравоохранения ""Центр по профилактике и борьбе со СПИД и инфекционными заболеваниями"" министерства здравоохранения Хабаровского края",4498779
" муниципальное бюджетное учреждение здравоохранения ""Городская больница № 3""",177006
" Государственное бюджетное учреждение Рязанской области ""Областной клинический кожно-венерологический диспансер""",107085
" Государственное бюджетное учреждение здравоохранения ""Самарская областная клиническая больница им.М.И.Калинина""",498943
 государственное казенное учреждение Управление материально-технического обеспечения Министерства здравоохранения Республики Башкортостан,4863055
" Муниципальное бюджетное учреждение здравоохранения ""Детская городская поликлиника №1""",495828
" государственное бюджетное учреждение здравоохранения ""Специализированная клиническая инфекционная больница"" министерства здравоохранения Краснодарского края",825000
" краевое государственное бюджетное учреждение здравоохранения ""Находкинская городская больница""",191000
" Санкт-Петербургское государственное бюджетное учреждение здравоохранения ""Городская поликлиника № 112""",60411
" государственное бюджетное учреждение здравоохранения ""Специализированная клиническая инфекционная больница"" министерства здравоохранения Краснодарского края",492525
 Министерство здравоохранения Свердловской области,6539940
" государственное бюджетное учреждение здравоохранения Свердловской области ""Городская больница № 2 город Первоуральск""",104241
" Федеральное государственное бюджетное учреждение ""Научный центр здоровья детей"" Российской академии медицинских наук",18287239
" Федеральное бюджетное лечебно-профилактическое учреждение ""Поликлиника Министерства экономического развития Российской Федерации""",323382
" муниципальное бюджетное учреждение здравоохранения ""Городская больница № 3""",325688
" Муниципальное бюджетное учреждение здравоохранения ""Детская городская больница города Норильска""",420000
" муниципальное бюджетное учреждение здравоохранения ""Детская городская больница""",199155
 Комитет по здравоохранению,3091770
 Комитет по здравоохранению,3094963
" Федеральное государственное бюджетное учреждение ""Научно-исследовательский институт вакцин и сывороток им. И.И. Мечникова"" Российской академии медицинских наук",2750000
" Государственное бюджетное учреждение Рязанской области ""Областной клинический кожно-венерологический диспансер""",85800
" Федеральное государственное бюджетное учреждение ""Научный центр здоровья детей"" Российской академии медицинских наук",2279496
 министерство здравоохранения Архангельской области,181094
" краевое государственное бюджетное учреждение здравоохранения ""Находкинская городская больница""",682644
 Департамент здравоохранения и фармации Ярославской области,1712942
 Комитет по здравоохранению,30764212
 Комитет по здравоохранению,31794603
" государственное бюджетное учреждение здравоохранения Тверской области ""Центр специализированных видов медицинской помощи имени В.П. Аваева""",715640
" государственное бюджетное учреждение здравоохранения Астраханской области ""Детская городская поликлиника №1""",230937
" Федеральное государственное бюджетное учреждение ""Научно-исследовательский институт вакцин и сывороток им. И.И. Мечникова"" Российской академии медицинских наук",1002000
 Департамент социальной политики Чукотского автономного округа,781326
" Муниципальное бюджетное учреждение здравоохранения ""Детская городская поликлиника №1""",496320
" Федеральное государственное бюджетное учреждение ""Научный центр проблем здоровья семьи и репродукции человека"" Сибирского отделения Российской академии медицинских наук",41000
" Федеральное государственное бюджетное учреждение ""Научно-исследовательский институт детских инфекций Федерального медико-биологического агентства""",805950
 Департамент здравоохранения и фармации Ярославской области,4634210
" Федеральное государственное бюджетное учреждение ""Научный центр проблем здоровья семьи и репродукции человека"" Сибирского отделения Российской академии медицинских наук",228000
" государственное бюджетное учреждение здравоохранения Московской области ""Московский областной научно-исследовательский институт акушерства и гинекологии""",59695352
 государственное казенное учреждение Управление материально-технического обеспечения Министерства здравоохранения Республики Башкортостан,9616253
" Государственное бюджетное учреждение здравоохранения ""Самарская областная клиническая больница им.М.И.Калинина""",334864
" Государственное бюджетное учреждение здравоохранения Новосибирской области ""Государственная Новосибирская областная клиническая больница""",2846279
" Государственное бюджетное учреждение здравоохранения Ненецкого автономного округа ""Ненецкая окружная больница""",2502420
" муниципальное бюджетное учреждение здравоохранения ""Ачинский клинико-диагностический центр""",1476709
" Краевое государственное казенное учреждение здравоохранения ""Центр по профилактике и борьбе со СПИД и инфекционными заболеваниями"" министерства здравоохранения Хабаровского края",6000000
 Министерство здравоохранения Свердловской области,10924879
" государственное бюджетное учреждение здравоохранения ""Специализированная клиническая инфекционная больница"" департамента здравоохранения Краснодарского края",1836032
" государственное бюджетное учреждение здравоохранения ""Специализированная клиническая инфекционная больница"" департамента здравоохранения Краснодарского края",3075229
" Государственное бюджетное образовательное учреждение высшего профессионального образования ""Уральская государственная медицинская академия"" Министерства здравоохранения и социального развития Российской Федерации",399600
" краевое государственное бюджетное учреждение здравоохранения ""Красноярский краевой Центр по профилактике и борьбе со СПИД и инфекционными заболеваниями""",1401485
 министерство здравоохранения Сахалинской области,34305300
 Учреждение Российской академии медицинских наук Научно-исследовательский институт вакцин и сывороток им. И.И. Мечникова РАМН,645580
" государственное бюджетное учреждение здравоохранения ""Краевой диагностический центр""",4636700
 Департамент здравоохранения и фармации Ярославской области,297823
" бюджетное учреждение здравоохранения Вологодской области ""Вологодский областной Центр по профилактике и борьбе со СПИД и инфекционными заболеваниями""",2999925
" муниципальное учреждение ""Городская больница №4""",123950
" Федеральное бюджетное лечебно-профилактическое учреждение ""Поликлиника Министерства экономического развития Российской Федерации""",87124
" Государственное учреждение здравоохранения ""Самарская областная клиническая больница им. М.И.Калинина""",445423
 Министерство здравоохранения Камчатского края,3081868
" государственное бюджетное учреждение здравоохранения ""Краевой диагностический центр""",452000
" Городское медицинское учреждение ""Детская больница""",818779
" Муниципальное лечебно-профилактическое учреждение ""Детская городская клиническая больница N3""",994997
" Муниципальное лечебно-профилактическое учреждение ""Детская городская клиническая больница N3""",429903
" Муниципальное бюджетное учреждение здравоохранения ""Городская детская поликлиника № 1""",1749850
" областное государственное бюджетное учреждение здравоохранения ""Смоленский областной онкологический клинический диспансер""",36395350
" областное государственное бюджетное учреждение здравоохранения ""Смоленский областной онкологический клинический диспансер""",13602510
" Муниципальное учреждение здравоохранения ""Октябрьская центральная районная больница""",2106857
" Федеральное государственное бюджетное учреждение ""Государственный научный центр ""Институт иммунологии"" Федерального медико-биологического агентства",505000
 Учреждение Российской академии медицинских наук Научно-исследовательский институт вакцин и сывороток им. И.И. Мечникова РАМН,491469
 Учреждение Российской академии медицинских наук Научный центр проблем здоровья семьи и репродукции человека Сибирского отделения РАМН,186000
" Муниципальное бюджетное учреждение здравоохранения ""Детская городская поликлиника N1""",348890
" Государственное бюджетное учреждение здравоохранения Ненецкого автономного округа ""Ненецкая окружная больница""",3693195
 Департамент здравоохранения и фармации Ярославской области,1567800
 министерство здравоохранения Амурской области,442029
 Учреждение Российской академии медицинских наук Научный центр проблем здоровья семьи и репродукции человека Сибирского отделения РАМН,364287
" Городское медицинское учреждение ""Детская больница""",311925
" ФЕДЕРАЛЬНОЕ ГОСУДАРСТВЕННОЕ АВТОНОМНОЕ УЧРЕЖДЕНИЕ ""НАЦИОНАЛЬНЫЙ МЕДИЦИНСКИЙ ИССЛЕДОВАТЕЛЬСКИЙ ЦЕНТР ЗДОРОВЬЯ ДЕТЕЙ"" МИНИСТЕРСТВА ЗДРАВООХРАНЕНИЯ РОССИЙСКОЙ ФЕДЕРАЦИИ",4800576
" Государственное учреждение здравоохранения  ""Липецкая областная клиническая инфекционная больница""",263332
" Государственное бюджетное учреждение здравоохранения Пермского края ""Пермский краевой онкологический диспансер""",129049
" ГОСУДАРСТВЕННОЕ БЮДЖЕТНОЕ УЧРЕЖДЕНИЕ ЗДРАВООХРАНЕНИЯ ""КРАЕВАЯ КЛИНИЧЕСКАЯ БОЛЬНИЦА № 2"" МИНИСТЕРСТВА ЗДРАВООХРАНЕНИЯ КРАСНОДАРСКОГО КРАЯ",4173232
